Date,Price
2013-01-02,"5,450.0"
2013-01-03,"5,490.0"
2013-01-04,"5,520.0"
2013-01-08,"5,430.0"
2013-01-09,"5,450.0"
2013-01-10,"5,460.0"
2013-01-11,"5,450.0"
2013-01-14,"5,460.0"
2013-01-15,"5,440.0"
2013-01-16,"5,450.0"
2013-01-17,"5,440.0"
2013-01-18,"5,490.0"
2013-01-21,"5,500.0"
2013-01-22,"5,480.0"
2013-01-23,"5,560.0"
2013-01-24,"5,590.0"
2013-01-25,"5,600.0"
2013-01-28,"5,600.0"
2013-01-29,"5,640.0"
2013-01-30,"5,620.0"
2013-01-31,"5,650.0"
2013-02-01,"5,650.0"
2013-02-04,"5,700.0"
2013-02-05,"5,710.0"
2013-02-06,"5,600.0"
2013-02-07,"5,510.0"
2013-02-08,"5,500.0"
2013-02-11,"5,440.0"
2013-02-12,"5,420.0"
2013-02-13,"5,430.0"
2013-02-14,"5,450.0"
2013-02-15,"5,410.0"
2013-02-18,"5,410.0"
2013-02-19,"5,220.0"
2013-02-20,"5,190.0"
2013-02-21,"5,230.0"
2013-02-22,"5,240.0"
2013-02-25,"5,270.0"
2013-02-26,"5,220.0"
2013-02-27,"5,230.0"
2013-02-28,"5,210.0"
2013-03-01,"5,200.0"
2013-03-04,"5,150.0"
2013-03-05,"5,120.0"
2013-03-06,"5,090.0"
2013-03-07,"5,060.0"
2013-03-08,"5,140.0"
2013-03-11,"5,140.0"
2013-03-12,"5,110.0"
2013-03-13,"5,100.0"
2013-03-14,"5,100.0"
2013-03-15,"5,100.0"
2013-03-18,"4,960.0"
2013-03-19,"4,895.0"
2013-03-20,"4,900.0"
2013-03-21,"4,955.0"
2013-03-22,"5,030.0"
2013-03-26,"5,070.0"
2013-03-27,"5,050.0"
2013-04-01,"4,980.0"
2013-04-02,"4,975.0"
2013-04-03,"4,900.0"
2013-04-04,"4,935.0"
2013-04-05,"5,020.0"
2013-04-08,"4,935.0"
2013-04-09,"4,620.0"
2013-04-10,"4,525.0"
2013-04-11,"4,550.0"
2013-04-12,"4,450.0"
2013-04-15,"4,225.0"
2013-04-16,"4,395.0"
2013-04-17,"4,330.0"
2013-04-18,"4,310.0"
2013-04-19,"4,345.0"
2013-04-22,"4,360.0"
2013-04-23,"4,375.0"
2013-04-24,"4,410.0"
2013-04-25,"4,405.0"
2013-04-26,"4,335.0"
2013-04-29,"4,340.0"
2013-04-30,"4,390.0"
2013-05-02,"4,290.0"
2013-05-03,"4,320.0"
2013-05-06,"4,180.0"
2013-05-07,"4,200.0"
2013-05-08,"4,200.0"
2013-05-09,"4,180.0"
2013-05-10,"4,135.0"
2013-05-14,"4,125.0"
2013-05-15,"4,140.0"
2013-05-16,"4,125.0"
2013-05-17,"4,075.0"
2013-05-20,"3,995.0"
2013-05-21,"4,000.0"
2013-05-22,"4,015.0"
2013-05-23,"4,135.0"
2013-05-24,"4,155.0"
2013-05-27,"4,170.0"
2013-05-28,"4,190.0"
2013-05-29,"4,195.0"
2013-05-30,"4,205.0"
2013-05-31,"4,080.0"
2013-06-04,"4,120.0"
2013-06-05,"4,110.0"
2013-06-06,"4,085.0"
2013-06-07,"4,135.0"
2013-06-11,"4,060.0"
2013-06-12,"3,955.0"
2013-06-13,"3,975.0"
2013-06-14,"4,000.0"
2013-06-17,"4,085.0"
2013-06-18,"4,180.0"
2013-06-19,"4,120.0"
2013-06-20,"3,960.0"
2013-06-21,"3,975.0"
2013-06-24,"3,850.0"
2013-06-25,"3,850.0"
2013-06-26,"3,885.0"
2013-06-27,"3,900.0"
2013-06-28,"4,080.0"
2013-07-02,"4,080.0"
2013-07-03,"4,045.0"
2013-07-04,"4,100.0"
2013-07-05,"4,035.0"
2013-07-08,"4,010.0"
2013-07-09,"3,955.0"
2013-07-10,"3,875.0"
2013-07-11,"4,050.0"
2013-07-12,"4,060.0"
2013-07-15,"4,140.0"
2013-07-16,"4,160.0"
2013-07-17,"4,235.0"
2013-07-18,"4,295.0"
2013-07-19,"4,330.0"
2013-07-22,"4,320.0"
2013-07-23,"4,390.0"
2013-07-24,"4,385.0"
2013-07-25,"4,340.0"
2013-07-26,"4,325.0"
2013-07-29,"4,300.0"
2013-07-30,"4,305.0"
2013-07-31,"4,335.0"
2013-08-01,"4,350.0"
2013-08-02,"4,330.0"
2013-08-05,"4,345.0"
2013-08-06,"4,455.0"
2013-08-08,"4,320.0"
2013-08-09,"4,340.0"
2013-08-12,"4,335.0"
2013-08-13,"4,340.0"
2013-08-14,"4,355.0"
2013-08-15,"4,345.0"
2013-08-16,"4,370.0"
2013-08-20,"4,390.0"
2013-08-21,"4,360.0"
2013-08-22,"4,360.0"
2013-08-23,"4,350.0"
2013-08-26,"4,355.0"
2013-08-27,"4,370.0"
2013-08-28,"4,465.0"
2013-08-29,"4,385.0"
2013-08-30,"4,335.0"
2013-09-02,"4,355.0"
2013-09-03,"4,350.0"
2013-09-04,"4,395.0"
2013-09-05,"4,415.0"
2013-09-06,"4,390.0"
2013-09-09,"4,425.0"
2013-09-10,"4,495.0"
2013-09-11,"4,495.0"
2013-09-12,"4,490.0"
2013-09-13,"4,450.0"
2013-09-16,"4,435.0"
2013-09-17,"4,445.0"
2013-09-18,"4,490.0"
2013-09-19,"4,425.0"
2013-09-20,"4,440.0"
2013-09-23,"4,465.0"
2013-09-24,"4,460.0"
2013-09-25,"4,445.0"
2013-09-26,"4,435.0"
2013-09-27,"4,425.0"
2013-09-30,"4,380.0"
2013-10-01,"4,375.0"
2013-10-02,"4,340.0"
2013-10-03,"4,335.0"
2013-10-04,"4,325.0"
2013-10-07,"4,340.0"
2013-10-08,"4,355.0"
2013-10-09,"4,320.0"
2013-10-10,"4,360.0"
2013-10-11,"4,385.0"
2013-10-15,"4,460.0"
2013-10-16,"4,515.0"
2013-10-17,"4,515.0"
2013-10-18,"4,570.0"
2013-10-21,"4,565.0"
2013-10-22,"4,535.0"
2013-10-23,"4,540.0"
2013-10-24,"4,590.0"
2013-10-25,"4,590.0"
2013-10-28,"4,555.0"
2013-10-29,"4,555.0"
2013-10-30,"4,470.0"
2013-10-31,"4,500.0"
2013-11-01,"4,470.0"
2013-11-05,"4,410.0"
2013-11-06,"4,490.0"
2013-11-07,"4,415.0"
2013-11-08,"4,235.0"
2013-11-12,"4,030.0"
2013-11-13,"4,175.0"
2013-11-14,"4,150.0"
2013-11-15,"4,110.0"
2013-11-18,"4,070.0"
2013-11-19,"4,050.0"
2013-11-20,"4,055.0"
2013-11-21,"4,035.0"
2013-11-22,"4,045.0"
2013-11-25,"3,980.0"
2013-11-26,"3,925.0"
2013-11-27,"3,905.0"
2013-11-28,"3,935.0"
2013-11-29,"3,935.0"
2013-12-02,"4,035.0"
2013-12-03,"4,025.0"
2013-12-04,"3,975.0"
2013-12-05,"4,030.0"
2013-12-06,"4,100.0"
2013-12-09,"4,160.0"
2013-12-10,"4,135.0"
2013-12-11,"4,155.0"
2013-12-12,"4,145.0"
2013-12-13,"4,130.0"
2013-12-16,"3,865.0"
2013-12-17,"3,875.0"
2013-12-18,"3,705.0"
2013-12-19,"3,695.0"
2013-12-20,"3,790.0"
2013-12-23,"3,735.0"
2013-12-24,"3,800.0"
2013-12-26,"3,735.0"
2013-12-27,"3,740.0"
2013-12-30,"3,700.0"
2014-01-02,"3,700.0"
2014-01-03,"3,650.0"
2014-01-07,"3,550.0"
2014-01-08,"3,465.0"
2014-01-09,"3,445.0"
2014-01-10,"3,415.0"
2014-01-13,"3,415.0"
2014-01-14,"3,425.0"
2014-01-15,"3,485.0"
2014-01-16,"3,440.0"
2014-01-17,"3,485.0"
2014-01-20,"3,490.0"
2014-01-21,"3,480.0"
2014-01-22,"3,520.0"
2014-01-23,"3,470.0"
2014-01-24,"3,390.0"
2014-01-27,"3,425.0"
2014-01-28,"3,455.0"
2014-01-29,"3,405.0"
2014-01-30,"3,510.0"
2014-01-31,"3,520.0"
2014-02-03,"3,480.0"
2014-02-04,"3,480.0"
2014-02-05,"3,560.0"
2014-02-06,"3,620.0"
2014-02-07,"3,590.0"
2014-02-10,"3,540.0"
2014-02-11,"3,590.0"
2014-02-12,"3,700.0"
2014-02-13,"3,670.0"
2014-02-14,"3,655.0"
2014-02-17,"3,625.0"
2014-02-18,"3,695.0"
2014-02-19,"3,770.0"
2014-02-20,"3,680.0"
2014-02-21,"3,610.0"
2014-02-24,"3,635.0"
2014-02-25,"3,540.0"
2014-02-26,"3,430.0"
2014-02-27,"3,440.0"
2014-02-28,"3,500.0"
2014-03-03,"3,430.0"
2014-03-04,"3,510.0"
2014-03-05,"3,585.0"
2014-03-06,"3,650.0"
2014-03-07,"3,630.0"
2014-03-10,"3,605.0"
2014-03-11,"3,635.0"
2014-03-12,"3,625.0"
2014-03-13,"3,635.0"
2014-03-14,"3,600.0"
2014-03-17,"3,605.0"
2014-03-18,"3,625.0"
2014-03-19,"3,675.0"
2014-03-20,"3,700.0"
2014-03-21,"3,720.0"
2014-03-25,"3,825.0"
2014-03-26,"3,830.0"
2014-03-27,"3,910.0"
2014-03-28,"3,975.0"
2014-03-31,"4,030.0"
2014-04-01,"4,000.0"
2014-04-02,"4,030.0"
2014-04-03,"4,025.0"
2014-04-04,"3,970.0"
2014-04-07,"3,945.0"
2014-04-08,"3,875.0"
2014-04-09,"3,900.0"
2014-04-10,"3,945.0"
2014-04-11,"3,925.0"
2014-04-14,"3,950.0"
2014-04-15,"3,960.0"
2014-04-16,"3,885.0"
2014-04-21,"3,830.0"
2014-04-22,"3,580.0"
2014-04-23,"3,510.0"
2014-04-24,"3,500.0"
2014-04-25,"3,545.0"
2014-04-28,"3,450.0"
2014-04-29,"3,500.0"
2014-04-30,"3,605.0"
2014-05-02,"3,555.0"
2014-05-05,"3,480.0"
2014-05-06,"3,480.0"
2014-05-07,"3,515.0"
2014-05-08,"3,515.0"
2014-05-09,"3,525.0"
2014-05-12,"3,525.0"
2014-05-13,"3,525.0"
2014-05-14,"3,570.0"
2014-05-15,"3,595.0"
2014-05-16,"3,610.0"
2014-05-19,"3,630.0"
2014-05-20,"3,570.0"
2014-05-21,"3,625.0"
2014-05-22,"3,555.0"
2014-05-23,"3,515.0"
2014-05-26,"3,515.0"
2014-05-27,"3,490.0"
2014-05-28,"3,455.0"
2014-05-29,"3,500.0"
2014-05-30,"3,430.0"
2014-06-03,"3,490.0"
2014-06-04,"3,480.0"
2014-06-05,"3,520.0"
2014-06-06,"3,500.0"
2014-06-09,"3,510.0"
2014-06-10,"3,650.0"
2014-06-11,"3,645.0"
2014-06-12,"3,615.0"
2014-06-13,"3,645.0"
2014-06-16,"3,645.0"
2014-06-17,"3,520.0"
2014-06-18,"3,510.0"
2014-06-19,"3,475.0"
2014-06-20,"3,480.0"
2014-06-24,"3,485.0"
2014-06-25,"3,490.0"
2014-06-26,"3,430.0"
2014-06-27,"3,410.0"
2014-07-01,"3,370.0"
2014-07-02,"3,340.0"
2014-07-03,"3,350.0"
2014-07-04,"3,320.0"
2014-07-07,"3,345.0"
2014-07-08,"3,230.0"
2014-07-09,"3,160.0"
2014-07-10,"3,190.0"
2014-07-11,"3,250.0"
2014-07-14,"3,185.0"
2014-07-15,"3,225.0"
2014-07-16,"3,315.0"
2014-07-17,"3,310.0"
2014-07-18,"3,305.0"
2014-07-21,"3,300.0"
2014-07-22,"3,300.0"
2014-07-23,"3,270.0"
2014-07-24,"3,215.0"
2014-07-25,"3,240.0"
2014-07-28,"3,270.0"
2014-07-29,"3,200.0"
2014-07-30,"3,210.0"
2014-07-31,"3,180.0"
2014-08-01,"3,130.0"
2014-08-04,"3,190.0"
2014-08-05,"3,255.0"
2014-08-06,"3,275.0"
2014-08-08,"3,245.0"
2014-08-11,"3,250.0"
2014-08-12,"3,160.0"
2014-08-13,"3,195.0"
2014-08-14,"3,110.0"
2014-08-15,"3,135.0"
2014-08-19,"3,170.0"
2014-08-20,"3,240.0"
2014-08-21,"3,255.0"
2014-08-22,"3,190.0"
2014-08-25,"3,215.0"
2014-08-26,"3,275.0"
2014-08-27,"3,330.0"
2014-08-28,"3,305.0"
2014-08-29,"3,325.0"
2014-09-01,"3,335.0"
2014-09-02,"3,365.0"
2014-09-03,"3,380.0"
2014-09-04,"3,365.0"
2014-09-05,"3,365.0"
2014-09-08,"3,335.0"
2014-09-09,"3,375.0"
2014-09-10,"3,375.0"
2014-09-11,"3,365.0"
2014-09-12,"3,345.0"
2014-09-15,"3,350.0"
2014-09-16,"3,355.0"
2014-09-17,"3,360.0"
2014-09-18,"3,340.0"
2014-09-19,"3,360.0"
2014-09-22,"3,280.0"
2014-09-23,"3,245.0"
2014-09-24,"3,230.0"
2014-09-25,"3,200.0"
2014-09-26,"3,210.0"
2014-09-29,"3,205.0"
2014-09-30,"3,165.0"
2014-10-01,"3,140.0"
2014-10-02,"3,115.0"
2014-10-03,"3,110.0"
2014-10-06,"3,100.0"
2014-10-07,"3,070.0"
2014-10-08,"2,990.0"
2014-10-09,"3,030.0"
2014-10-10,"2,920.0"
2014-10-14,"2,945.0"
2014-10-15,"2,975.0"
2014-10-16,"3,050.0"
2014-10-17,"3,010.0"
2014-10-20,"3,010.0"
2014-10-21,"3,050.0"
2014-10-22,"2,930.0"
2014-10-23,"2,945.0"
2014-10-24,"2,940.0"
2014-10-27,"2,845.0"
2014-10-28,"2,835.0"
2014-10-29,"2,860.0"
2014-10-30,"2,820.0"
2014-10-31,"2,750.0"
2014-11-04,"2,630.0"
2014-11-05,"2,675.0"
2014-11-06,"2,675.0"
2014-11-07,"2,690.0"
2014-11-10,"2,675.0"
2014-11-11,"2,660.0"
2014-11-12,"2,675.0"
2014-11-13,"2,635.0"
2014-11-14,"2,665.0"
2014-11-18,"2,680.0"
2014-11-19,"2,690.0"
2014-11-20,"2,705.0"
2014-11-21,"2,715.0"
2014-11-24,"2,680.0"
2014-11-25,"2,660.0"
2014-11-26,"2,570.0"
2014-11-27,"2,425.0"
2014-11-28,"2,290.0"
2014-12-01,"2,285.0"
2014-12-02,"2,200.0"
2014-12-03,"2,285.0"
2014-12-04,"2,215.0"
2014-12-05,"2,175.0"
2014-12-09,"2,080.0"
2014-12-10,"1,880.0"
2014-12-11,"1,890.0"
2014-12-12,"1,870.0"
2014-12-15,"1,815.0"
2014-12-16,"1,860.0"
2014-12-17,"1,910.0"
2014-12-18,"1,930.0"
2014-12-19,"2,000.0"
2014-12-22,"2,080.0"
2014-12-23,"2,120.0"
2014-12-24,"2,100.0"
2014-12-26,"2,085.0"
2014-12-29,"2,050.0"
2014-12-30,"2,080.0"
2015-01-02,"1,955.0"
2015-01-05,"1,815.0"
2015-01-06,"1,835.0"
2015-01-07,"1,885.0"
2015-01-08,"1,960.0"
2015-01-09,"1,965.0"
2015-01-13,"1,915.0"
2015-01-14,"1,895.0"
2015-01-15,"1,850.0"
2015-01-16,"1,880.0"
2015-01-19,"1,850.0"
2015-01-20,"1,870.0"
2015-01-21,"1,930.0"
2015-01-22,"1,950.0"
2015-01-23,"2,010.0"
2015-01-26,"2,035.0"
2015-01-27,"2,030.0"
2015-01-28,"1,975.0"
2015-01-29,"1,965.0"
2015-01-30,"1,955.0"
2015-02-02,"2,080.0"
2015-02-03,"2,305.0"
2015-02-04,"2,190.0"
2015-02-05,"2,230.0"
2015-02-06,"2,215.0"
2015-02-09,"2,220.0"
2015-02-10,"2,090.0"
2015-02-11,"2,070.0"
2015-02-12,"2,125.0"
2015-02-13,"2,200.0"
2015-02-16,"2,185.0"
2015-02-17,"2,195.0"
2015-02-18,"2,190.0"
2015-02-19,"2,150.0"
2015-02-20,"2,110.0"
2015-02-23,"2,140.0"
2015-02-24,"2,150.0"
2015-02-25,"2,145.0"
2015-02-26,"2,090.0"
2015-02-27,"2,085.0"
2015-03-02,"2,005.0"
2015-03-03,"1,895.0"
2015-03-04,"1,920.0"
2015-03-05,"1,905.0"
2015-03-06,"1,875.0"
2015-03-09,"1,800.0"
2015-03-10,"1,820.0"
2015-03-11,"1,850.0"
2015-03-12,"1,875.0"
2015-03-13,"1,880.0"
2015-03-16,"1,870.0"
2015-03-17,"1,905.0"
2015-03-18,"1,925.0"
2015-03-19,"1,870.0"
2015-03-20,"1,975.0"
2015-03-24,"1,935.0"
2015-03-25,"1,965.0"
2015-03-26,"1,995.0"
2015-03-27,"1,970.0"
2015-03-30,"1,970.0"
2015-03-31,"1,975.0"
2015-04-01,"2,000.0"
2015-04-06,"2,065.0"
2015-04-07,"2,065.0"
2015-04-08,"2,015.0"
2015-04-09,"2,035.0"
2015-04-10,"2,020.0"
2015-04-13,"2,030.0"
2015-04-14,"2,045.0"
2015-04-15,"2,070.0"
2015-04-16,"2,085.0"
2015-04-17,"2,060.0"
2015-04-20,"2,020.0"
2015-04-21,"1,985.0"
2015-04-22,"2,015.0"
2015-04-23,"2,035.0"
2015-04-24,"2,060.0"
2015-04-27,"2,075.0"
2015-04-28,"2,050.0"
2015-04-29,"2,040.0"
2015-04-30,"2,030.0"
2015-05-04,"2,035.0"
2015-05-05,"2,065.0"
2015-05-06,"2,070.0"
2015-05-07,"1,990.0"
2015-05-08,"1,940.0"
2015-05-11,"1,900.0"
2015-05-12,"1,900.0"
2015-05-13,"1,945.0"
2015-05-14,"1,965.0"
2015-05-15,"1,965.0"
2015-05-19,"1,875.0"
2015-05-20,"1,905.0"
2015-05-21,"1,930.0"
2015-05-22,"1,935.0"
2015-05-25,"1,925.0"
2015-05-26,"1,890.0"
2015-05-27,"1,805.0"
2015-05-28,"1,840.0"
2015-05-29,"1,815.0"
2015-06-01,"1,800.0"
2015-06-02,"1,815.0"
2015-06-03,"1,805.0"
2015-06-04,"1,800.0"
2015-06-05,"1,815.0"
2015-06-09,"1,835.0"
2015-06-10,"1,840.0"
2015-06-11,"1,810.0"
2015-06-12,"1,790.0"
2015-06-16,"1,625.0"
2015-06-17,"1,645.0"
2015-06-18,"1,665.0"
2015-06-19,"1,635.0"
2015-06-22,"1,655.0"
2015-06-23,"1,725.0"
2015-06-24,"1,725.0"
2015-06-25,"1,695.0"
2015-06-26,"1,710.0"
2015-06-30,"1,730.0"
2015-07-01,"1,645.0"
2015-07-02,"1,675.0"
2015-07-03,"1,650.0"
2015-07-06,"1,635.0"
2015-07-07,"1,650.0"
2015-07-08,"1,600.0"
2015-07-09,"1,645.0"
2015-07-10,"1,625.0"
2015-07-13,"1,635.0"
2015-07-14,"1,655.0"
2015-07-15,"1,635.0"
2015-07-16,"1,630.0"
2015-07-17,"1,610.0"
2015-07-21,"1,635.0"
2015-07-22,"1,610.0"
2015-07-23,"1,625.0"
2015-07-24,"1,585.0"
2015-07-27,"1,545.0"
2015-07-28,"1,560.0"
2015-07-29,"1,640.0"
2015-07-30,"1,645.0"
2015-07-31,"1,610.0"
2015-08-03,"1,565.0"
2015-08-04,"1,580.0"
2015-08-05,"1,530.0"
2015-08-06,"1,565.0"
2015-08-10,"1,540.0"
2015-08-11,"1,500.0"
2015-08-12,"1,530.0"
2015-08-13,"1,530.0"
2015-08-14,"1,510.0"
2015-08-18,"1,515.0"
2015-08-19,"1,450.0"
2015-08-20,"1,465.0"
2015-08-21,"1,460.0"
2015-08-24,"1,430.0"
2015-08-25,"1,425.0"
2015-08-26,"1,425.0"
2015-08-27,"1,510.0"
2015-08-28,"1,545.0"
2015-08-31,"1,595.0"
2015-09-01,"1,500.0"
2015-09-02,"1,520.0"
2015-09-03,"1,515.0"
2015-09-04,"1,500.0"
2015-09-07,"1,475.0"
2015-09-08,"1,465.0"
2015-09-09,"1,435.0"
2015-09-10,"1,450.0"
2015-09-11,"1,405.0"
2015-09-14,"1,410.0"
2015-09-15,"1,395.0"
2015-09-16,"1,425.0"
2015-09-17,"1,440.0"
2015-09-18,"1,425.0"
2015-09-21,"1,415.0"
2015-09-22,"1,395.0"
2015-09-23,"1,355.0"
2015-09-24,"1,365.0"
2015-09-25,"1,350.0"
2015-09-28,"1,285.0"
2015-09-29,"1,305.0"
2015-09-30,"1,330.0"
2015-10-01,"1,320.0"
2015-10-02,"1,340.0"
2015-10-05,"1,390.0"
2015-10-06,"1,440.0"
2015-10-07,"1,495.0"
2015-10-08,"1,515.0"
2015-10-09,"1,500.0"
2015-10-13,"1,495.0"
2015-10-14,"1,480.0"
2015-10-15,"1,470.0"
2015-10-16,"1,460.0"
2015-10-19,"1,390.0"
2015-10-20,"1,395.0"
2015-10-21,"1,375.0"
2015-10-22,"1,390.0"
2015-10-23,"1,370.0"
2015-10-26,"1,365.0"
2015-10-27,"1,345.0"
2015-10-28,"1,365.0"
2015-10-29,"1,345.0"
2015-10-30,"1,350.0"
2015-11-03,"1,415.0"
2015-11-04,"1,400.0"
2015-11-05,"1,415.0"
2015-11-06,"1,410.0"
2015-11-09,"1,395.0"
2015-11-10,"1,395.0"
2015-11-11,"1,360.0"
2015-11-12,"1,340.0"
2015-11-13,"1,350.0"
2015-11-17,"1,325.0"
2015-11-18,"1,320.0"
2015-11-19,"1,310.0"
2015-11-20,"1,295.0"
2015-11-23,"1,330.0"
2015-11-24,"1,340.0"
2015-11-25,"1,340.0"
2015-11-26,"1,325.0"
2015-11-27,"1,300.0"
2015-11-30,"1,305.0"
2015-12-01,"1,285.0"
2015-12-02,"1,260.0"
2015-12-03,"1,255.0"
2015-12-04,"1,205.0"
2015-12-07,"1,160.0"
2015-12-09,"1,160.0"
2015-12-10,"1,135.0"
2015-12-11,"1,105.0"
2015-12-14,"1,090.0"
2015-12-15,"1,170.0"
2015-12-16,"1,160.0"
2015-12-17,"1,155.0"
2015-12-18,"1,230.0"
2015-12-21,"1,155.0"
2015-12-22,"1,165.0"
2015-12-23,"1,205.0"
2015-12-24,"1,170.0"
2015-12-28,"1,150.0"
2015-12-29,"1,130.0"
2015-12-30,"1,110.0"
2016-01-04,"1,105.0"
2016-01-05,"1,085.0"
2016-01-06,"1,060.0"
2016-01-07,"1,035.0"
2016-01-08,"1,015.0"
2016-01-12,955.0
2016-01-13,961.0
2016-01-14,987.0
2016-01-15,978.0
2016-01-18,881.0
2016-01-19,923.0
2016-01-20,914.0
2016-01-21,950.0
2016-01-22,"1,020.0"
2016-01-25,958.0
2016-01-26,975.0
2016-01-27,990.0
2016-01-28,"1,020.0"
2016-01-29,"1,030.0"
2016-02-01,"1,020.0"
2016-02-02,993.0
2016-02-03,"1,035.0"
2016-02-04,"1,050.0"
2016-02-05,"1,045.0"
2016-02-08,"1,060.0"
2016-02-09,"1,025.0"
2016-02-10,"1,030.0"
2016-02-11,"1,035.0"
2016-02-12,"1,065.0"
2016-02-15,"1,070.0"
2016-02-16,"1,045.0"
2016-02-17,"1,155.0"
2016-02-18,"1,160.0"
2016-02-19,"1,130.0"
2016-02-22,"1,165.0"
2016-02-23,"1,145.0"
2016-02-24,"1,135.0"
2016-02-25,"1,150.0"
2016-02-26,"1,160.0"
2016-02-29,"1,140.0"
2016-03-01,"1,170.0"
2016-03-02,"1,260.0"
2016-03-03,"1,320.0"
2016-03-04,"1,365.0"
2016-03-07,"1,425.0"
2016-03-08,"1,340.0"
2016-03-09,"1,340.0"
2016-03-10,"1,350.0"
2016-03-11,"1,360.0"
2016-03-14,"1,335.0"
2016-03-15,"1,285.0"
2016-03-16,"1,345.0"
2016-03-17,"1,380.0"
2016-03-18,"1,325.0"
2016-03-22,"1,350.0"
2016-03-23,"1,340.0"
2016-03-28,"1,290.0"
2016-03-29,"1,280.0"
2016-03-30,"1,310.0"
2016-03-31,"1,310.0"
2016-04-01,"1,300.0"
2016-04-04,"1,290.0"
2016-04-05,"1,265.0"
2016-04-06,"1,265.0"
2016-04-07,"1,220.0"
2016-04-08,"1,280.0"
2016-04-11,"1,290.0"
2016-04-12,"1,380.0"
2016-04-13,"1,400.0"
2016-04-14,"1,380.0"
2016-04-15,"1,350.0"
2016-04-18,"1,360.0"
2016-04-19,"1,380.0"
2016-04-20,"1,425.0"
2016-04-21,"1,430.0"
2016-04-22,"1,435.0"
2016-04-25,"1,415.0"
2016-04-26,"1,445.0"
2016-04-27,"1,460.0"
2016-04-28,"1,440.0"
2016-04-29,"1,415.0"
2016-05-02,"1,370.0"
2016-05-03,"1,370.0"
2016-05-04,"1,395.0"
2016-05-05,"1,390.0"
2016-05-06,"1,395.0"
2016-05-10,"1,405.0"
2016-05-11,"1,400.0"
2016-05-12,"1,420.0"
2016-05-13,"1,405.0"
2016-05-16,"1,445.0"
2016-05-17,"1,465.0"
2016-05-18,"1,405.0"
2016-05-19,"1,415.0"
2016-05-20,"1,400.0"
2016-05-23,"1,395.0"
2016-05-24,"1,385.0"
2016-05-25,"1,410.0"
2016-05-26,"1,395.0"
2016-05-27,"1,395.0"
2016-05-31,"1,340.0"
2016-06-01,"1,360.0"
2016-06-02,"1,375.0"
2016-06-03,"1,370.0"
2016-06-07,"1,420.0"
2016-06-08,"1,450.0"
2016-06-09,"1,450.0"
2016-06-10,"1,410.0"
2016-06-13,"1,400.0"
2016-06-14,"1,395.0"
2016-06-15,"1,395.0"
2016-06-16,"1,395.0"
2016-06-17,"1,415.0"
2016-06-20,"1,420.0"
2016-06-21,"1,425.0"
2016-06-22,"1,410.0"
2016-06-23,"1,410.0"
2016-06-24,"1,400.0"
2016-06-27,"1,370.0"
2016-06-28,"1,385.0"
2016-06-29,"1,395.0"
2016-06-30,"1,395.0"
2016-07-01,"1,405.0"
2016-07-05,"1,370.0"
2016-07-06,"1,370.0"
2016-07-07,"1,355.0"
2016-07-08,"1,350.0"
2016-07-11,"1,370.0"
2016-07-12,"1,390.0"
2016-07-13,"1,395.0"
2016-07-14,"1,410.0"
2016-07-15,"1,400.0"
2016-07-18,"1,410.0"
2016-07-19,"1,390.0"
2016-07-21,"1,365.0"
2016-07-22,"1,360.0"
2016-07-25,"1,335.0"
2016-07-26,"1,340.0"
2016-07-27,"1,325.0"
2016-07-28,"1,295.0"
2016-07-29,"1,300.0"
2016-08-01,"1,250.0"
2016-08-02,"1,205.0"
2016-08-03,"1,235.0"
2016-08-04,"1,240.0"
2016-08-05,"1,230.0"
2016-08-08,"1,260.0"
2016-08-09,"1,240.0"
2016-08-10,"1,225.0"
2016-08-11,"1,230.0"
2016-08-12,"1,220.0"
2016-08-16,"1,275.0"
2016-08-17,"1,320.0"
2016-08-18,"1,330.0"
2016-08-19,"1,320.0"
2016-08-22,"1,290.0"
2016-08-23,"1,330.0"
2016-08-24,"1,325.0"
2016-08-25,"1,325.0"
2016-08-26,"1,320.0"
2016-08-29,"1,320.0"
2016-08-30,"1,325.0"
2016-08-31,"1,320.0"
2016-09-01,"1,295.0"
2016-09-02,"1,320.0"
2016-09-05,"1,345.0"
2016-09-06,"1,340.0"
2016-09-07,"1,365.0"
2016-09-08,"1,400.0"
2016-09-09,"1,360.0"
2016-09-12,"1,335.0"
2016-09-13,"1,300.0"
2016-09-14,"1,275.0"
2016-09-15,"1,265.0"
2016-09-16,"1,230.0"
2016-09-19,"1,220.0"
2016-09-20,"1,205.0"
2016-09-21,"1,235.0"
2016-09-22,"1,245.0"
2016-09-23,"1,215.0"
2016-09-26,"1,205.0"
2016-09-27,"1,170.0"
2016-09-28,"1,230.0"
2016-09-29,"1,245.0"
2016-09-30,"1,250.0"
2016-10-03,"1,265.0"
2016-10-04,"1,275.0"
2016-10-05,"1,310.0"
2016-10-06,"1,325.0"
2016-10-07,"1,315.0"
2016-10-10,"1,340.0"
2016-10-11,"1,325.0"
2016-10-12,"1,315.0"
2016-10-13,"1,325.0"
2016-10-14,"1,315.0"
2016-10-18,"1,345.0"
2016-10-19,"1,370.0"
2016-10-20,"1,340.0"
2016-10-21,"1,345.0"
2016-10-24,"1,340.0"
2016-10-25,"1,330.0"
2016-10-26,"1,335.0"
2016-10-27,"1,340.0"
2016-10-28,"1,315.0"
2016-10-31,"1,310.0"
2016-11-01,"1,330.0"
2016-11-02,"1,310.0"
2016-11-03,"1,300.0"
2016-11-04,"1,300.0"
2016-11-08,"1,310.0"
2016-11-09,"1,325.0"
2016-11-10,"1,280.0"
2016-11-11,"1,270.0"
2016-11-15,"1,295.0"
2016-11-16,"1,275.0"
2016-11-17,"1,280.0"
2016-11-18,"1,280.0"
2016-11-21,"1,315.0"
2016-11-22,"1,315.0"
2016-11-23,"1,300.0"
2016-11-24,"1,300.0"
2016-11-25,"1,290.0"
2016-11-28,"1,285.0"
2016-11-29,"1,240.0"
2016-11-30,"1,320.0"
2016-12-01,"1,325.0"
2016-12-02,"1,320.0"
2016-12-05,"1,315.0"
2016-12-06,"1,315.0"
2016-12-07,"1,305.0"
2016-12-09,"1,320.0"
2016-12-12,"1,345.0"
2016-12-13,"1,350.0"
2016-12-14,"1,340.0"
2016-12-15,"1,350.0"
2016-12-16,"1,380.0"
2016-12-19,"1,385.0"
2016-12-20,"1,385.0"
2016-12-21,"1,380.0"
2016-12-22,"1,355.0"
2016-12-23,"1,335.0"
2016-12-26,"1,355.0"
2016-12-27,"1,365.0"
2016-12-28,"1,380.0"
2016-12-29,"1,380.0"
2017-01-02,"1,360.0"
2017-01-03,"1,380.0"
2017-01-04,"1,400.0"
2017-01-05,"1,415.0"
2017-01-06,"1,395.0"
2017-01-10,"1,390.0"
2017-01-11,"1,410.0"
2017-01-12,"1,400.0"
2017-01-13,"1,405.0"
2017-01-16,"1,400.0"
2017-01-17,"1,400.0"
2017-01-18,"1,390.0"
2017-01-19,"1,395.0"
2017-01-20,"1,385.0"
2017-01-23,"1,400.0"
2017-01-24,"1,400.0"
2017-01-25,"1,385.0"
2017-01-26,"1,390.0"
2017-01-27,"1,390.0"
2017-01-30,"1,370.0"
2017-01-31,"1,375.0"
2017-02-01,"1,395.0"
2017-02-02,"1,390.0"
2017-02-03,"1,385.0"
2017-02-06,"1,375.0"
2017-02-07,"1,355.0"
2017-02-08,"1,355.0"
2017-02-09,"1,355.0"
2017-02-10,"1,380.0"
2017-02-13,"1,375.0"
2017-02-14,"1,365.0"
2017-02-15,"1,365.0"
2017-02-16,"1,360.0"
2017-02-17,"1,350.0"
2017-02-20,"1,355.0"
2017-02-21,"1,345.0"
2017-02-22,"1,310.0"
2017-02-23,"1,335.0"
2017-02-24,"1,320.0"
2017-02-27,"1,335.0"
2017-02-28,"1,320.0"
2017-03-01,"1,310.0"
2017-03-02,"1,315.0"
2017-03-03,"1,320.0"
2017-03-06,"1,320.0"
2017-03-07,"1,330.0"
2017-03-08,"1,295.0"
2017-03-09,"1,310.0"
2017-03-10,"1,315.0"
2017-03-13,"1,315.0"
2017-03-14,"1,290.0"
2017-03-15,"1,315.0"
2017-03-16,"1,320.0"
2017-03-17,"1,300.0"
2017-03-21,"1,325.0"
2017-03-22,"1,320.0"
2017-03-23,"1,320.0"
2017-03-24,"1,315.0"
2017-03-27,"1,305.0"
2017-03-28,"1,325.0"
2017-03-29,"1,340.0"
2017-03-30,"1,340.0"
2017-03-31,"1,350.0"
2017-04-03,"1,350.0"
2017-04-04,"1,355.0"
2017-04-05,"1,350.0"
2017-04-06,"1,355.0"
2017-04-07,"1,365.0"
2017-04-10,"1,385.0"
2017-04-11,"1,390.0"
2017-04-12,"1,400.0"
2017-04-17,"1,370.0"
2017-04-18,"1,375.0"
2017-04-19,"1,375.0"
2017-04-20,"1,380.0"
2017-04-21,"1,365.0"
2017-04-24,"1,360.0"
2017-04-25,"1,365.0"
2017-04-26,"1,380.0"
2017-04-27,"1,340.0"
2017-04-28,"1,360.0"
2017-05-02,"1,335.0"
2017-05-03,"1,355.0"
2017-05-04,"1,345.0"
2017-05-05,"1,365.0"
2017-05-08,"1,385.0"
2017-05-09,"1,380.0"
2017-05-10,"1,380.0"
2017-05-11,"1,375.0"
2017-05-12,"1,445.0"
2017-05-15,"1,480.0"
2017-05-16,"1,450.0"
2017-05-17,"1,410.0"
2017-05-18,"1,410.0"
2017-05-19,"1,435.0"
2017-05-22,"1,425.0"
2017-05-23,"1,420.0"
2017-05-24,"1,405.0"
2017-05-25,"1,390.0"
2017-05-26,"1,395.0"
2017-05-30,"1,375.0"
2017-05-31,"1,335.0"
2017-06-01,"1,345.0"
2017-06-02,"1,335.0"
2017-06-05,"1,375.0"
2017-06-06,"1,400.0"
2017-06-07,"1,370.0"
2017-06-08,"1,350.0"
2017-06-09,"1,370.0"
2017-06-12,"1,360.0"
2017-06-13,"1,365.0"
2017-06-14,"1,350.0"
2017-06-15,"1,340.0"
2017-06-16,"1,365.0"
2017-06-20,"1,325.0"
2017-06-21,"1,325.0"
2017-06-22,"1,350.0"
2017-06-23,"1,340.0"
2017-06-27,"1,340.0"
2017-06-28,"1,340.0"
2017-06-29,"1,360.0"
2017-06-30,"1,380.0"
2017-07-04,"1,395.0"
2017-07-05,"1,365.0"
2017-07-06,"1,380.0"
2017-07-07,"1,355.0"
2017-07-10,"1,355.0"
2017-07-11,"1,370.0"
2017-07-12,"1,390.0"
2017-07-13,"1,395.0"
2017-07-14,"1,400.0"
2017-07-17,"1,390.0"
2017-07-18,"1,380.0"
2017-07-19,"1,390.0"
2017-07-21,"1,375.0"
2017-07-24,"1,375.0"
2017-07-25,"1,395.0"
2017-07-26,"1,385.0"
2017-07-27,"1,395.0"
2017-07-28,"1,395.0"
2017-07-31,"1,395.0"
2017-08-01,"1,365.0"
2017-08-02,"1,375.0"
2017-08-03,"1,385.0"
2017-08-04,"1,385.0"
2017-08-08,"1,365.0"
2017-08-09,"1,390.0"
2017-08-10,"1,380.0"
2017-08-11,"1,365.0"
2017-08-14,"1,365.0"
2017-08-15,"1,355.0"
2017-08-16,"1,355.0"
2017-08-17,"1,365.0"
2017-08-18,"1,370.0"
2017-08-22,"1,370.0"
2017-08-23,"1,380.0"
2017-08-24,"1,370.0"
2017-08-25,"1,360.0"
2017-08-28,"1,350.0"
2017-08-29,"1,355.0"
2017-08-30,"1,350.0"
2017-08-31,"1,370.0"
2017-09-01,"1,370.0"
2017-09-04,"1,370.0"
2017-09-05,"1,370.0"
2017-09-06,"1,375.0"
2017-09-07,"1,370.0"
2017-09-08,"1,360.0"
2017-09-11,"1,355.0"
2017-09-12,"1,355.0"
2017-09-13,"1,360.0"
2017-09-14,"1,365.0"
2017-09-15,"1,370.0"
2017-09-18,"1,370.0"
2017-09-19,"1,370.0"
2017-09-20,"1,380.0"
2017-09-21,"1,385.0"
2017-09-22,"1,380.0"
2017-09-25,"1,390.0"
2017-09-26,"1,395.0"
2017-09-27,"1,405.0"
2017-09-28,"1,395.0"
2017-09-29,"1,400.0"
2017-10-02,"1,395.0"
2017-10-03,"1,405.0"
2017-10-04,"1,400.0"
2017-10-05,"1,405.0"
2017-10-06,"1,400.0"
2017-10-09,"1,400.0"
2017-10-10,"1,410.0"
2017-10-11,"1,415.0"
2017-10-12,"1,410.0"
2017-10-13,"1,430.0"
2017-10-17,"1,460.0"
2017-10-18,"1,465.0"
2017-10-19,"1,460.0"
2017-10-20,"1,445.0"
2017-10-23,"1,450.0"
2017-10-24,"1,465.0"
2017-10-25,"1,490.0"
2017-10-26,"1,565.0"
2017-10-27,"1,610.0"
2017-10-30,"1,665.0"
2017-10-31,"1,665.0"
2017-11-01,"1,735.0"
2017-11-02,"1,700.0"
2017-11-03,"1,700.0"
2017-11-07,"1,820.0"
2017-11-08,"1,755.0"
2017-11-09,"1,820.0"
2017-11-10,"1,810.0"
2017-11-14,"1,765.0"
2017-11-15,"1,750.0"
2017-11-16,"1,750.0"
2017-11-17,"1,750.0"
2017-11-20,"1,740.0"
2017-11-21,"1,740.0"
2017-11-22,"1,775.0"
2017-11-23,"1,775.0"
2017-11-24,"1,760.0"
2017-11-27,"1,780.0"
2017-11-28,"1,735.0"
2017-11-29,"1,770.0"
2017-11-30,"1,750.0"
2017-12-01,"1,775.0"
2017-12-04,"1,780.0"
2017-12-05,"1,790.0"
2017-12-06,"1,775.0"
2017-12-07,"1,780.0"
2017-12-11,"1,885.0"
2017-12-12,"1,910.0"
2017-12-13,"1,935.0"
2017-12-14,"1,950.0"
2017-12-15,"1,935.0"
2017-12-18,"1,940.0"
2017-12-19,"1,950.0"
2017-12-20,"2,000.0"
2017-12-21,"2,015.0"
2017-12-22,"2,025.0"
2017-12-26,"2,075.0"
2017-12-27,"2,110.0"
2017-12-28,"2,210.0"
2018-01-02,"2,260.0"
2018-01-03,"2,350.0"
2018-01-04,"2,460.0"
2018-01-05,"2,500.0"
2018-01-09,"2,555.0"
2018-01-10,"2,535.0"
2018-01-11,"2,425.0"
2018-01-12,"2,375.0"
2018-01-15,"2,335.0"
2018-01-16,"2,420.0"
2018-01-17,"2,465.0"
2018-01-18,"2,475.0"
2018-01-19,"2,465.0"
2018-01-22,"2,590.0"
2018-01-23,"2,705.0"
2018-01-24,"2,800.0"
2018-01-25,"2,745.0"
2018-01-26,"2,760.0"
2018-01-29,"2,775.0"
2018-01-30,"2,700.0"
2018-01-31,"2,660.0"
2018-02-01,"2,770.0"
2018-02-02,"2,665.0"
2018-02-05,"2,485.0"
2018-02-06,"2,500.0"
2018-02-07,"2,430.0"
2018-02-08,"2,335.0"
2018-02-09,"2,445.0"
2018-02-12,"2,420.0"
2018-02-13,"2,385.0"
2018-02-14,"2,500.0"
2018-02-15,"2,490.0"
2018-02-16,"2,485.0"
2018-02-19,"2,480.0"
2018-02-20,"2,485.0"
2018-02-21,"2,475.0"
2018-02-22,"2,565.0"
2018-02-23,"2,625.0"
2018-02-26,"2,655.0"
2018-02-27,"2,630.0"
2018-02-28,"2,510.0"
2018-03-01,"2,480.0"
2018-03-02,"2,480.0"
2018-03-05,"2,510.0"
2018-03-06,"2,505.0"
2018-03-07,"2,450.0"
2018-03-08,"2,475.0"
2018-03-09,"2,505.0"
2018-03-12,"2,480.0"
2018-03-13,"2,505.0"
2018-03-14,"2,505.0"
2018-03-15,"2,535.0"
2018-03-16,"2,590.0"
2018-03-20,"2,670.0"
2018-03-21,"2,750.0"
2018-03-22,"2,620.0"
2018-03-23,"2,700.0"
2018-03-26,"2,775.0"
2018-03-27,"2,645.0"
2018-03-28,"2,615.0"
2018-04-02,"2,690.0"
2018-04-03,"2,730.0"
2018-04-04,"2,740.0"
2018-04-05,"2,740.0"
2018-04-06,"2,730.0"
2018-04-09,"2,745.0"
2018-04-10,"2,790.0"
2018-04-11,"2,980.0"
2018-04-12,"2,955.0"
2018-04-13,"2,835.0"
2018-04-16,"2,760.0"
2018-04-17,"2,870.0"
2018-04-18,"2,935.0"
2018-04-19,"3,030.0"
2018-04-20,"3,030.0"
2018-04-23,"3,085.0"
2018-04-24,"3,060.0"
2018-04-25,"3,045.0"
2018-04-26,"3,010.0"
2018-04-27,"3,070.0"
2018-04-30,"3,100.0"
2018-05-02,"3,105.0"
2018-05-03,"3,095.0"
2018-05-04,"3,095.0"
2018-05-07,"3,030.0"
2018-05-08,"3,085.0"
2018-05-09,"3,160.0"
2018-05-10,"3,100.0"
2018-05-11,"3,135.0"
2018-05-15,"3,290.0"
2018-05-16,"3,205.0"
2018-05-17,"3,170.0"
2018-05-18,"3,150.0"
2018-05-21,"3,125.0"
2018-05-22,"3,110.0"
2018-05-23,"3,025.0"
2018-05-24,"3,075.0"
2018-05-25,"2,955.0"
2018-05-28,"2,900.0"
2018-05-29,"3,030.0"
2018-05-30,"3,120.0"
2018-05-31,"3,090.0"
2018-06-01,"3,110.0"
2018-06-05,"3,080.0"
2018-06-06,"3,015.0"
2018-06-07,"3,060.0"
2018-06-08,"3,045.0"
2018-06-12,"3,005.0"
2018-06-13,"3,010.0"
2018-06-14,"3,005.0"
2018-06-15,"2,960.0"
2018-06-18,"2,985.0"
2018-06-19,"2,905.0"
2018-06-20,"2,875.0"
2018-06-21,"2,845.0"
2018-06-22,"2,880.0"
2018-06-25,"2,820.0"
2018-06-26,"2,885.0"
2018-06-27,"2,970.0"
2018-06-28,"2,985.0"
2018-06-29,"3,025.0"
2018-07-03,"2,930.0"
2018-07-04,"2,930.0"
2018-07-05,"2,895.0"
2018-07-06,"2,935.0"
2018-07-09,"3,000.0"
2018-07-10,"3,020.0"
2018-07-11,"2,955.0"
2018-07-12,"2,945.0"
2018-07-13,"2,965.0"
2018-07-16,"2,940.0"
2018-07-17,"2,960.0"
2018-07-18,"2,965.0"
2018-07-19,"2,950.0"
2018-07-23,"2,970.0"
2018-07-24,"2,965.0"
2018-07-25,"3,000.0"
2018-07-26,"3,005.0"
2018-07-27,"2,985.0"
2018-07-30,"3,080.0"
2018-07-31,"3,070.0"
2018-08-01,"3,125.0"
2018-08-02,"3,130.0"
2018-08-03,"3,095.0"
2018-08-06,"3,140.0"
2018-08-08,"3,175.0"
2018-08-09,"3,030.0"
2018-08-10,"3,070.0"
2018-08-13,"3,060.0"
2018-08-14,"3,100.0"
2018-08-15,"3,000.0"
2018-08-16,"3,065.0"
2018-08-17,"3,095.0"
2018-08-21,"3,140.0"
2018-08-22,"3,220.0"
2018-08-23,"3,240.0"
2018-08-24,"3,270.0"
2018-08-27,"3,305.0"
2018-08-28,"3,330.0"
2018-08-29,"3,385.0"
2018-08-30,"3,445.0"
2018-08-31,"3,420.0"
2018-09-03,"3,395.0"
2018-09-04,"3,455.0"
2018-09-05,"3,430.0"
2018-09-06,"3,390.0"
2018-09-07,"3,410.0"
2018-09-10,"3,410.0"
2018-09-11,"3,480.0"
2018-09-12,"3,820.0"
2018-09-13,"3,765.0"
2018-09-14,"3,790.0"
2018-09-17,"3,870.0"
2018-09-18,"3,940.0"
2018-09-19,"3,850.0"
2018-09-20,"3,715.0"
2018-09-21,"3,680.0"
2018-09-24,"3,900.0"
2018-09-25,"3,930.0"
2018-09-26,"3,925.0"
2018-09-27,"3,980.0"
2018-09-28,"4,030.0"
2018-10-01,"4,150.0"
2018-10-02,"4,105.0"
2018-10-03,"4,160.0"
2018-10-04,"4,080.0"
2018-10-05,"4,015.0"
2018-10-08,"3,990.0"
2018-10-09,"4,080.0"
2018-10-10,"4,015.0"
2018-10-11,"3,900.0"
2018-10-12,"3,950.0"
2018-10-16,"3,970.0"
2018-10-17,"3,965.0"
2018-10-18,"3,925.0"
2018-10-19,"3,950.0"
2018-10-22,"3,960.0"
2018-10-23,"3,845.0"
2018-10-24,"3,685.0"
2018-10-25,"3,705.0"
2018-10-26,"3,755.0"
2018-10-29,"3,690.0"
2018-10-30,"3,750.0"
2018-10-31,"3,740.0"
2018-11-01,"3,465.0"
2018-11-02,"3,430.0"
2018-11-06,"3,440.0"
2018-11-07,"3,480.0"
2018-11-08,"3,425.0"
2018-11-09,"3,440.0"
2018-11-13,"3,240.0"
2018-11-14,"3,250.0"
2018-11-15,"3,280.0"
2018-11-16,"3,275.0"
2018-11-19,"3,190.0"
2018-11-20,"3,060.0"
2018-11-21,"3,150.0"
2018-11-22,"3,140.0"
2018-11-23,"3,020.0"
2018-11-26,"3,075.0"
2018-11-27,"3,140.0"
2018-11-28,"3,115.0"
2018-11-29,"3,110.0"
2018-11-30,"3,105.0"
2018-12-03,"3,290.0"
2018-12-04,"3,160.0"
2018-12-05,"3,220.0"
2018-12-06,"3,100.0"
2018-12-07,"3,100.0"
2018-12-10,"3,020.0"
2018-12-11,"2,980.0"
2018-12-12,"3,015.0"
2018-12-13,"2,960.0"
2018-12-14,"2,940.0"
2018-12-17,"2,875.0"
2018-12-18,"2,835.0"
2018-12-19,"2,815.0"
2018-12-20,"2,615.0"
2018-12-21,"2,665.0"
2018-12-24,"2,550.0"
2018-12-26,"2,720.0"
2018-12-27,"2,715.0"
2018-12-28,"2,645.0"
2019-01-02,"2,650.0"
2019-01-03,"2,760.0"
2019-01-04,"2,800.0"
2019-01-08,"2,890.0"
2019-01-09,"2,935.0"
2019-01-10,"2,935.0"
2019-01-11,"2,900.0"
2019-01-14,"2,910.0"
2019-01-15,"2,930.0"
2019-01-16,"2,930.0"
2019-01-17,"2,910.0"
2019-01-18,"2,895.0"
2019-01-21,"2,900.0"
2019-01-22,"2,900.0"
2019-01-23,"2,825.0"
2019-01-24,"2,835.0"
2019-01-25,"2,860.0"
2019-01-28,"2,815.0"
2019-01-29,"2,850.0"
2019-01-30,"2,915.0"
2019-01-31,"2,920.0"
2019-02-01,"2,935.0"
2019-02-04,"2,920.0"
2019-02-05,"2,950.0"
2019-02-06,"2,920.0"
2019-02-07,"2,865.0"
2019-02-08,"2,865.0"
2019-02-11,"2,840.0"
2019-02-12,"2,925.0"
2019-02-13,"2,955.0"
2019-02-14,"2,965.0"
2019-02-15,"3,055.0"
2019-02-18,"3,065.0"
2019-02-19,"3,050.0"
2019-02-20,"3,085.0"
2019-02-21,"3,060.0"
2019-02-22,"3,080.0"
2019-02-25,"3,145.0"
2019-02-26,"3,195.0"
2019-02-27,"3,230.0"
2019-02-28,"3,120.0"
2019-03-01,"3,165.0"
2019-03-04,"3,210.0"
2019-03-05,"3,215.0"
2019-03-06,"3,195.0"
2019-03-07,"3,175.0"
2019-03-08,"3,135.0"
2019-03-11,"3,200.0"
2019-03-12,"3,230.0"
2019-03-13,"3,330.0"
2019-03-14,"3,320.0"
2019-03-15,"3,400.0"
2019-03-18,"3,445.0"
2019-03-19,"3,470.0"
2019-03-20,"3,550.0"
2019-03-21,"3,565.0"
2019-03-22,"3,430.0"
2019-03-26,"3,470.0"
2019-03-27,"3,370.0"
2019-03-28,"3,370.0"
2019-03-29,"3,415.0"
2019-04-01,"3,460.0"
2019-04-02,"3,440.0"
2019-04-03,"3,410.0"
2019-04-04,"3,350.0"
2019-04-05,"3,360.0"
2019-04-08,"3,425.0"
2019-04-09,"3,380.0"
2019-04-10,"3,405.0"
2019-04-11,"3,320.0"
2019-04-12,"3,275.0"
2019-04-15,"3,230.0"
2019-04-16,"3,295.0"
2019-04-17,"3,030.0"
2019-04-22,"3,095.0"
2019-04-23,"3,105.0"
2019-04-24,"3,075.0"
2019-04-25,"3,075.0"
2019-04-26,"3,005.0"
2019-04-29,"3,020.0"
2019-04-30,"2,985.0"
2019-05-02,"2,945.0"
2019-05-03,"2,925.0"
2019-05-06,"2,915.0"
2019-05-07,"2,885.0"
2019-05-08,"2,970.0"
2019-05-09,"3,040.0"
2019-05-10,"3,070.0"
2019-05-13,"3,020.0"
2019-05-14,"3,005.0"
2019-05-15,"3,030.0"
2019-05-16,"3,075.0"
2019-05-17,"3,070.0"
2019-05-20,"3,045.0"
2019-05-21,"3,095.0"
2019-05-22,"3,040.0"
2019-05-23,"2,940.0"
2019-05-24,"3,000.0"
2019-05-27,"2,950.0"
2019-05-28,"2,815.0"
2019-05-29,"2,870.0"
2019-05-30,"2,810.0"
2019-05-31,"2,765.0"
2019-06-04,"2,820.0"
2019-06-05,"2,755.0"
2019-06-06,"2,770.0"
2019-06-07,"2,875.0"
2019-06-10,"2,815.0"
2019-06-11,"2,800.0"
2019-06-12,"2,725.0"
2019-06-13,"2,765.0"
2019-06-14,"2,790.0"
2019-06-17,"2,820.0"
2019-06-18,"2,870.0"
2019-06-19,"2,930.0"
2019-06-20,"2,980.0"
2019-06-21,"3,020.0"
2019-06-25,"2,985.0"
2019-06-26,"2,985.0"
2019-06-27,"2,945.0"
2019-06-28,"2,920.0"
2019-07-02,"2,925.0"
2019-07-03,"3,010.0"
2019-07-04,"3,010.0"
2019-07-05,"3,020.0"
2019-07-08,"3,015.0"
2019-07-09,"3,020.0"
2019-07-10,"3,090.0"
2019-07-11,"3,070.0"
2019-07-12,"3,070.0"
2019-07-15,"3,035.0"
2019-07-16,"3,025.0"
2019-07-17,"3,000.0"
2019-07-18,"2,965.0"
2019-07-19,"3,010.0"
2019-07-22,"3,030.0"
2019-07-23,"3,015.0"
2019-07-24,"3,000.0"
2019-07-25,"3,000.0"
2019-07-26,"2,980.0"
2019-07-29,"2,980.0"
2019-07-30,"2,965.0"
2019-07-31,"2,940.0"
2019-08-01,"2,925.0"
2019-08-02,"2,900.0"
2019-08-05,"2,860.0"
2019-08-06,"2,830.0"
2019-08-08,"2,825.0"
2019-08-09,"2,835.0"
2019-08-12,"2,800.0"
2019-08-13,"2,855.0"
2019-08-14,"2,750.0"
2019-08-15,"2,725.0"
2019-08-16,"2,750.0"
2019-08-20,"2,740.0"
2019-08-21,"2,750.0"
2019-08-22,"2,695.0"
2019-08-23,"2,615.0"
2019-08-26,"2,670.0"
2019-08-27,"2,655.0"
2019-08-28,"2,665.0"
2019-08-29,"2,680.0"
2019-08-30,"2,740.0"
2019-09-02,"2,735.0"
2019-09-03,"2,720.0"
2019-09-04,"2,750.0"
2019-09-05,"2,810.0"
2019-09-06,"2,830.0"
2019-09-09,"2,865.0"
2019-09-10,"2,885.0"
2019-09-11,"2,900.0"
2019-09-12,"2,945.0"
2019-09-13,"2,900.0"
2019-09-16,"3,000.0"
2019-09-17,"3,000.0"
2019-09-18,"3,020.0"
2019-09-19,"2,990.0"
2019-09-20,"3,010.0"
2019-09-23,"3,000.0"
2019-09-24,"2,980.0"
2019-09-25,"2,980.0"
2019-09-26,"2,990.0"
2019-09-27,"2,990.0"
2019-09-30,"2,950.0"
2019-10-01,"2,940.0"
2019-10-02,"2,890.0"
2019-10-03,"2,945.0"
2019-10-04,"2,940.0"
2019-10-07,"2,955.0"
2019-10-08,"2,910.0"
2019-10-09,"2,925.0"
2019-10-10,"2,950.0"
2019-10-11,"2,995.0"
2019-10-15,"2,995.0"
2019-10-16,"2,975.0"
2019-10-17,"2,965.0"
2019-10-18,"2,915.0"
2019-10-21,"2,925.0"
2019-10-22,"3,000.0"
2019-10-23,"3,030.0"
2019-10-24,"3,040.0"
2019-10-25,"3,045.0"
2019-10-28,"3,040.0"
2019-10-29,"3,070.0"
2019-10-30,"3,050.0"
2019-10-31,"3,040.0"
2019-11-01,"3,090.0"
2019-11-05,"3,160.0"
2019-11-06,"3,130.0"
2019-11-07,"3,130.0"
2019-11-08,"3,130.0"
2019-11-12,"3,100.0"
2019-11-13,"3,120.0"
2019-11-14,"3,125.0"
2019-11-15,"3,145.0"
2019-11-18,"3,130.0"
2019-11-19,"3,100.0"
2019-11-20,"3,130.0"
2019-11-21,"3,145.0"
2019-11-22,"3,170.0"
2019-11-25,"3,160.0"
2019-11-26,"3,160.0"
2019-11-27,"3,205.0"
2019-11-28,"3,220.0"
2019-11-29,"3,290.0"
2019-12-02,"3,230.0"
2019-12-03,"3,200.0"
2019-12-04,"3,330.0"
2019-12-05,"3,280.0"
2019-12-06,"3,300.0"
2019-12-09,"3,280.0"
2019-12-10,"3,260.0"
2019-12-11,"3,270.0"
2019-12-12,"3,305.0"
2019-12-13,"3,325.0"
2019-12-16,"3,335.0"
2019-12-17,"3,275.0"
2019-12-18,"3,260.0"
2019-12-19,"3,300.0"
2019-12-20,"3,320.0"
2019-12-23,"3,350.0"
2019-12-24,"3,320.0"
2019-12-26,"3,345.0"
2019-12-27,"3,340.0"
2019-12-30,"3,315.0"
2020-01-02,"3,320.0"
2020-01-03,"3,380.0"
2020-01-07,"3,360.0"
2020-01-08,"3,325.0"
2020-01-09,"3,345.0"
2020-01-10,"3,400.0"
2020-01-13,"3,420.0"
2020-01-14,"3,405.0"
2020-01-15,"3,395.0"
2020-01-16,"3,405.0"
2020-01-17,"3,385.0"
2020-01-20,"3,385.0"
2020-01-21,"3,360.0"
2020-01-22,"3,330.0"
2020-01-23,"3,315.0"
2020-01-24,"3,290.0"
2020-01-27,"3,205.0"
2020-01-28,"3,190.0"
2020-01-29,"3,195.0"
2020-01-30,"3,200.0"
2020-01-31,"3,180.0"
2020-02-03,"3,140.0"
2020-02-04,"3,185.0"
2020-02-05,"3,190.0"
2020-02-06,"3,195.0"
2020-02-07,"3,215.0"
2020-02-10,"3,215.0"
2020-02-11,"3,290.0"
2020-02-12,"3,375.0"
2020-02-13,"3,360.0"
2020-02-14,"3,325.0"
2020-02-17,"3,355.0"
2020-02-18,"3,365.0"
2020-02-19,"3,460.0"
2020-02-20,"3,435.0"
2020-02-21,"3,425.0"
2020-02-24,"3,330.0"
2020-02-25,"3,300.0"
2020-02-26,"3,285.0"
2020-02-27,"3,120.0"
2020-02-28,"3,105.0"
2020-03-02,"3,060.0"
2020-03-03,"3,040.0"
2020-03-04,"3,160.0"
2020-03-05,"3,175.0"
2020-03-06,"2,965.0"
2020-03-09,"2,370.0"
2020-03-10,"2,330.0"
2020-03-11,"2,230.0"
2020-03-12,"1,940.0"
2020-03-13,"1,940.0"
2020-03-16,"1,725.0"
2020-03-17,"1,575.0"
2020-03-18,"1,380.0"
2020-03-19,"1,420.0"
2020-03-20,"1,485.0"
2020-03-24,"1,615.0"
2020-03-25,"1,810.0"
2020-03-26,"1,990.0"
2020-03-27,"1,860.0"
2020-03-30,"1,830.0"
2020-03-31,"1,900.0"
2020-04-01,"1,840.0"
2020-04-02,"2,080.0"
2020-04-03,"2,270.0"
2020-04-06,"2,260.0"
2020-04-07,"2,230.0"
2020-04-08,"2,360.0"
2020-04-13,"2,250.0"
2020-04-14,"2,225.0"
2020-04-15,"2,095.0"
2020-04-16,"2,090.0"
2020-04-17,"1,950.0"
2020-04-20,"1,905.0"
2020-04-21,"1,840.0"
2020-04-22,"1,920.0"
2020-04-23,"1,980.0"
2020-04-24,"1,910.0"
2020-04-27,"1,950.0"
2020-04-28,"2,075.0"
2020-04-29,"2,070.0"
2020-04-30,"2,090.0"
2020-05-04,"1,960.0"
2020-05-05,"1,985.0"
2020-05-06,"1,950.0"
2020-05-07,"1,975.0"
2020-05-08,"2,040.0"
2020-05-11,"2,065.0"
2020-05-12,"1,995.0"
2020-05-13,"1,920.0"
2020-05-14,"1,930.0"
2020-05-15,"1,930.0"
2020-05-18,"2,050.0"
2020-05-19,"1,985.0"
2020-05-20,"2,030.0"
2020-05-21,"2,000.0"
2020-05-22,"1,970.0"
2020-05-26,"1,990.0"
2020-05-27,"2,005.0"
2020-05-28,"1,990.0"
2020-05-29,"1,990.0"
2020-06-01,"2,005.0"
2020-06-02,"2,035.0"
2020-06-03,"2,160.0"
2020-06-04,"2,160.0"
2020-06-05,"2,345.0"
2020-06-08,"2,430.0"
2020-06-09,"2,400.0"
2020-06-10,"2,285.0"
2020-06-11,"2,060.0"
2020-06-12,"2,125.0"
2020-06-16,"2,250.0"
2020-06-17,"2,145.0"
2020-06-18,"2,115.0"
2020-06-19,"2,140.0"
2020-06-23,"2,155.0"
2020-06-24,"2,090.0"
2020-06-25,"2,095.0"
2020-06-26,"2,070.0"
2020-06-30,"2,075.0"
2020-07-01,"2,060.0"
2020-07-02,"2,080.0"
2020-07-03,"2,100.0"
2020-07-06,"2,110.0"
2020-07-07,"2,060.0"
2020-07-08,"2,090.0"
2020-07-09,"2,035.0"
2020-07-10,"2,080.0"
2020-07-13,"2,100.0"
2020-07-14,"2,155.0"
2020-07-15,"2,150.0"
2020-07-16,"2,180.0"
2020-07-17,"2,220.0"
2020-07-21,"2,245.0"
2020-07-22,"2,230.0"
2020-07-23,"2,225.0"
2020-07-24,"2,220.0"
2020-07-27,"2,245.0"
2020-07-28,"2,225.0"
2020-07-29,"2,250.0"
2020-07-30,"2,195.0"
2020-07-31,"2,080.0"
2020-08-03,"2,140.0"
2020-08-04,"2,195.0"
2020-08-05,"2,200.0"
2020-08-06,"2,170.0"
2020-08-10,"2,190.0"
2020-08-11,"2,165.0"
2020-08-12,"2,225.0"
2020-08-13,"2,180.0"
2020-08-14,"2,200.0"
2020-08-18,"2,220.0"
2020-08-19,"2,180.0"
2020-08-20,"2,165.0"
2020-08-21,"2,180.0"
2020-08-24,"2,225.0"
2020-08-25,"2,245.0"
2020-08-26,"2,195.0"
2020-08-27,"2,160.0"
2020-08-28,"2,175.0"
2020-08-31,"2,190.0"
2020-09-01,"2,210.0"
2020-09-02,"2,175.0"
2020-09-03,"2,165.0"
2020-09-04,"2,145.0"
2020-09-07,"2,140.0"
2020-09-08,"2,080.0"
2020-09-09,"2,080.0"
2020-09-10,"2,015.0"
2020-09-11,"2,025.0"
2020-09-14,"2,010.0"
2020-09-15,"2,045.0"
2020-09-16,"2,050.0"
2020-09-17,"2,065.0"
2020-09-18,"2,115.0"
2020-09-21,"2,020.0"
2020-09-22,"2,010.0"
2020-09-23,"1,985.0"
2020-09-24,"1,950.0"
2020-09-25,"1,920.0"
2020-09-28,"1,970.0"
2020-09-29,"1,920.0"
2020-09-30,"1,895.0"
2020-10-01,"1,875.0"
2020-10-02,"1,910.0"
2020-10-05,"1,910.0"
2020-10-06,"1,907.0"
2020-10-07,"1,911.0"
2020-10-08,"1,950.0"
2020-10-09,"1,938.0"
2020-10-13,"1,900.0"
2020-10-14,"1,890.0"
2020-10-15,"1,879.0"
2020-10-16,"1,880.0"
2020-10-19,"1,872.0"
2020-10-20,"1,893.0"
2020-10-21,"1,842.0"
2020-10-22,"1,880.0"
2020-10-23,"1,860.0"
2020-10-26,"1,849.0"
2020-10-27,"1,830.0"
2020-10-28,"1,715.0"
2020-10-29,"1,747.0"
2020-10-30,"1,791.0"
2020-11-03,"1,822.0"
2020-11-04,"1,870.0"
2020-11-05,"1,850.0"
2020-11-06,"1,833.0"
2020-11-09,"1,938.0"
2020-11-10,"1,982.0"
2020-11-11,"2,015.0"
2020-11-12,"1,974.0"
2020-11-13,"2,000.0"
2020-11-17,"2,135.0"
2020-11-18,"2,124.0"
2020-11-19,"2,145.0"
2020-11-20,"2,153.0"
2020-11-23,"2,200.0"
2020-11-24,"2,242.0"
2020-11-25,"2,252.0"
2020-11-26,"2,210.0"
2020-11-27,"2,172.0"
2020-11-30,"2,081.0"
2020-12-01,"2,129.0"
2020-12-02,"2,145.0"
2020-12-03,"2,120.0"
2020-12-04,"2,213.0"
2020-12-07,"2,210.0"
2020-12-09,"2,235.0"
2020-12-10,"2,305.0"
2020-12-11,"2,310.0"
2020-12-14,"2,287.0"
2020-12-15,"2,295.0"
2020-12-16,"2,359.0"
2020-12-17,"2,370.0"
2020-12-18,"2,326.0"
2020-12-21,"2,215.0"
2020-12-22,"2,240.0"
2020-12-23,"2,297.0"
2020-12-24,"2,287.0"
2020-12-28,"2,278.0"
2020-12-29,"2,289.0"
2020-12-30,"2,245.0"
2020-12-31,"2,245.0"
2021-01-04,"2,242.0"
2021-01-05,"2,292.0"
2021-01-06,"2,308.0"
2021-01-07,"2,373.0"
2021-01-08,"2,399.0"
2021-01-12,"2,459.0"
2021-01-13,"2,438.0"
2021-01-14,"2,484.0"
2021-01-15,"2,420.0"
2021-01-18,"2,440.0"
2021-01-19,"2,450.0"
2021-01-20,"2,437.0"
2021-01-21,"2,408.0"
2021-01-22,"2,354.0"
2021-01-25,"2,324.0"
2021-01-26,"2,364.0"
2021-01-27,"2,230.0"
2021-01-28,"2,145.0"
2021-01-29,"2,030.0"
2021-02-01,"2,090.0"
2021-02-02,"2,091.0"
2021-02-03,"2,090.0"
2021-02-04,"2,135.0"
2021-02-05,"2,155.0"
2021-02-08,"2,200.0"
2021-02-09,"2,203.0"
2021-02-10,"2,195.0"
2021-02-11,"2,140.0"
2021-02-12,"2,150.0"
2021-02-15,"2,190.0"
2021-02-16,"2,210.0"
2021-02-17,"2,200.0"
2021-02-18,"2,156.0"
2021-02-19,"2,165.0"
2021-02-22,"2,233.0"
2021-02-23,"2,291.0"
2021-02-24,"2,309.0"
2021-02-25,"2,280.0"
2021-02-26,"2,250.0"
2021-03-01,"2,246.0"
2021-03-02,"2,245.0"
2021-03-03,"2,255.0"
2021-03-04,"2,279.0"
2021-03-05,"2,400.0"
2021-03-08,"2,347.0"
2021-03-09,"2,339.0"
2021-03-10,"2,373.0"
2021-03-11,"2,368.0"
2021-03-12,"2,378.0"
2021-03-15,"2,480.0"
2021-03-16,"2,460.0"
2021-03-17,"2,457.0"
2021-03-18,"2,350.0"
2021-03-19,"2,370.0"
2021-03-23,"2,281.0"
2021-03-24,"2,333.0"
2021-03-25,"2,315.0"
2021-03-26,"2,351.0"
2021-03-29,"2,388.0"
2021-03-30,"2,373.0"
2021-03-31,"2,366.0"
2021-04-05,"2,325.0"
2021-04-06,"2,289.0"
2021-04-07,"2,337.0"
2021-04-08,"2,281.0"
2021-04-09,"2,260.0"
2021-04-12,"2,287.0"
2021-04-13,"2,280.0"
2021-04-14,"2,344.0"
2021-04-15,"2,319.0"
2021-04-16,"2,301.0"
2021-04-19,"2,300.0"
2021-04-20,"2,281.0"
2021-04-21,"2,262.0"
2021-04-22,"2,250.0"
2021-04-23,"2,228.0"
2021-04-26,"2,270.0"
2021-04-27,"2,287.0"
2021-04-28,"2,332.0"
2021-04-29,"2,310.0"
2021-04-30,"2,210.0"
2021-05-03,"2,219.0"
2021-05-04,"2,225.0"
2021-05-05,"2,288.0"
2021-05-06,"2,291.0"
2021-05-07,"2,288.0"
2021-05-10,"2,357.0"
2021-05-11,"2,315.0"
2021-05-12,"2,370.0"
2021-05-13,"2,301.0"
2021-05-14,"2,387.0"
2021-05-18,"2,355.0"
2021-05-19,"2,347.0"
2021-05-20,"2,314.0"
2021-05-21,"2,285.0"
2021-05-24,"2,294.0"
2021-05-25,"2,235.0"
2021-05-26,"2,220.0"
2021-05-27,"2,220.0"
2021-05-28,"2,211.0"
2021-05-31,"2,190.0"
2021-06-01,"2,276.0"
2021-06-02,"2,340.0"
2021-06-03,"2,360.0"
2021-06-04,"2,355.0"
2021-06-08,"2,396.0"
2021-06-09,"2,370.0"
2021-06-10,"2,385.0"
2021-06-11,"2,391.0"
2021-06-15,"2,439.0"
2021-06-16,"2,409.0"
2021-06-17,"2,392.0"
2021-06-18,"2,397.0"
2021-06-21,"2,460.0"
2021-06-22,"2,481.0"
2021-06-23,"2,522.0"
2021-06-24,"2,750.0"
2021-06-25,"2,770.0"
2021-06-28,"2,718.0"
2021-06-29,"2,717.0"
2021-06-30,"2,722.0"
2021-07-01,"2,819.0"
2021-07-02,"2,851.0"
2021-07-06,"2,789.0"
2021-07-07,"2,800.0"
2021-07-08,"2,753.0"
2021-07-09,"2,761.0"
2021-07-12,"2,750.0"
2021-07-13,"2,720.0"
2021-07-14,"2,650.0"
2021-07-15,"2,570.0"
2021-07-16,"2,560.0"
2021-07-19,"2,448.0"
2021-07-21,"2,535.0"
2021-07-22,"2,550.0"
2021-07-23,"2,551.0"
2021-07-26,"2,597.0"
2021-07-27,"2,600.0"
2021-07-28,"2,611.0"
2021-07-29,"2,646.0"
2021-07-30,"2,633.0"
2021-08-02,"2,598.0"
2021-08-03,"2,620.0"
2021-08-04,"2,564.0"
2021-08-05,"2,527.0"
2021-08-06,"2,547.0"
2021-08-09,"2,590.0"
2021-08-10,"2,598.0"
2021-08-11,"2,639.0"
2021-08-12,"2,622.0"
2021-08-13,"2,586.0"
2021-08-17,"2,580.0"
2021-08-18,"2,568.0"
2021-08-19,"2,520.0"
2021-08-20,"2,536.0"
2021-08-23,"2,644.0"
2021-08-24,"2,671.0"
2021-08-25,"2,676.0"
2021-08-26,"2,632.0"
2021-08-27,"2,660.0"
2021-08-30,"2,649.0"
2021-08-31,"2,643.0"
2021-09-01,"2,590.0"
2021-09-02,"2,670.0"
2021-09-03,"2,635.0"
2021-09-06,"2,634.0"
2021-09-07,"2,606.0"
2021-09-08,"2,593.0"
2021-09-09,"2,570.0"
2021-09-10,"2,553.0"
2021-09-13,"2,572.0"
2021-09-14,"2,550.0"
2021-09-15,"2,620.0"
2021-09-16,"2,615.0"
2021-09-17,"2,566.0"
2021-09-20,"2,520.0"
2021-09-21,"2,529.0"
2021-09-22,"2,570.0"
2021-09-23,"2,590.0"
2021-09-24,"2,550.0"
2021-09-27,"2,671.0"
2021-09-28,"2,699.0"
2021-09-29,"2,706.0"
2021-09-30,"2,734.0"
2021-10-01,"2,769.0"
2021-10-04,"2,825.0"
2021-10-05,"2,810.0"
2021-10-06,"2,810.0"
2021-10-07,"2,860.0"
2021-10-08,"2,908.0"
2021-10-11,"2,944.0"
2021-10-12,"2,904.0"
2021-10-13,"2,909.0"
2021-10-14,"2,918.0"
2021-10-15,"2,960.0"
2021-10-19,"2,953.0"
2021-10-20,"2,937.0"
2021-10-21,"2,910.0"
2021-10-22,"2,890.0"
2021-10-25,"2,890.0"
2021-10-26,"2,930.0"
2021-10-27,"2,867.0"
2021-10-28,"2,890.0"
2021-10-29,"2,847.0"
2021-11-02,"2,854.0"
2021-11-03,"2,890.0"
2021-11-04,"2,871.0"
2021-11-05,"2,877.0"
2021-11-08,"2,923.0"
2021-11-09,"2,937.0"
2021-11-10,"2,880.0"
2021-11-11,"2,864.0"
2021-11-12,"2,840.0"
2021-11-16,"2,760.0"
2021-11-17,"2,770.0"
2021-11-18,"2,759.0"
2021-11-19,"2,645.0"
2021-11-22,"2,620.0"
2021-11-23,"2,660.0"
2021-11-24,"2,684.0"
2021-11-25,"2,670.0"
2021-11-26,"2,536.0"
2021-11-29,"2,595.0"
2021-11-30,"2,600.0"
2021-12-01,"2,600.0"
2021-12-02,"2,659.0"
2021-12-03,"2,661.0"
2021-12-06,"2,688.0"
2021-12-07,"2,720.0"
2021-12-09,"2,710.0"
2021-12-10,"2,707.0"
2021-12-13,"2,631.0"
2021-12-14,"2,613.0"
2021-12-15,"2,600.0"
2021-12-16,"2,643.0"
2021-12-17,"2,645.0"
2021-12-20,"2,581.0"
2021-12-21,"2,597.0"
2021-12-22,"2,651.0"
2021-12-23,"2,650.0"
2021-12-24,"2,647.0"
2021-12-27,"2,698.0"
2021-12-28,"2,695.0"
2021-12-29,"2,700.0"
2021-12-30,"2,690.0"
2022-01-03,"2,720.0"
2022-01-04,"2,740.0"
2022-01-05,"2,660.0"
2022-01-06,"2,615.0"
2022-01-07,"2,651.0"
2022-01-11,"2,761.0"
2022-01-12,"2,790.0"
2022-01-13,"2,798.0"
2022-01-14,"2,801.0"
2022-01-17,"2,910.0"
2022-01-18,"3,010.0"
2022-01-19,"2,990.0"
2022-01-20,"2,906.0"
2022-01-21,"2,851.0"
2022-01-24,"2,824.0"
2022-01-25,"2,895.0"
2022-01-26,"2,891.0"
2022-01-27,"2,905.0"
2022-01-28,"2,886.0"
2022-01-31,"2,905.0"
2022-02-01,"2,882.0"
2022-02-02,"2,889.0"
2022-02-03,"2,838.0"
2022-02-04,"2,901.0"
2022-02-07,"2,934.0"
2022-02-08,"2,915.0"
2022-02-09,"2,899.0"
2022-02-10,"2,850.0"
2022-02-11,"2,972.0"
2022-02-14,"2,946.0"
2022-02-15,"2,918.0"
2022-02-16,"3,017.0"
2022-02-17,"3,015.0"
2022-02-18,"2,997.0"
2022-02-21,"3,009.0"
2022-02-22,"3,025.0"
2022-02-23,"3,054.0"
2022-02-24,"3,056.0"
2022-02-25,"3,064.0"
2022-02-28,"3,263.0"
2022-03-01,"3,239.0"
2022-03-02,"3,176.0"
2022-03-03,"3,204.0"
2022-03-04,"3,340.0"
2022-03-07,"3,400.0"
2022-03-08,"3,390.0"
2022-03-09,"3,271.0"
2022-03-10,"3,358.0"
2022-03-11,"3,400.0"
2022-03-14,"3,207.0"
2022-03-15,"3,200.0"
2022-03-16,"3,180.0"
2022-03-17,"3,335.0"
2022-03-18,"3,270.0"
2022-03-22,"3,359.0"
2022-03-23,"3,530.0"
2022-03-24,"3,535.0"
2022-03-25,"3,590.0"
2022-03-28,"3,500.0"
2022-03-29,"3,479.0"
2022-03-30,"3,517.0"
2022-03-31,"3,538.0"
2022-04-01,"3,530.0"
2022-04-04,"3,534.0"
2022-04-05,"3,607.0"
2022-04-06,"3,543.0"
2022-04-07,"3,610.0"
2022-04-08,"3,570.0"
2022-04-11,"3,527.0"
2022-04-12,"3,580.0"
2022-04-13,"3,346.0"
2022-04-18,"3,333.0"
2022-04-19,"3,349.0"
2022-04-20,"3,399.0"
2022-04-21,"3,314.0"
2022-04-22,"3,355.0"
2022-04-25,"3,280.0"
2022-04-26,"3,246.0"
2022-04-27,"3,280.0"
2022-04-28,"3,280.0"
2022-04-29,"3,206.0"
2022-05-02,"3,252.0"
2022-05-03,"3,313.0"
2022-05-04,"3,425.0"
2022-05-05,"3,315.0"
2022-05-06,"3,278.0"
2022-05-09,"3,095.0"
2022-05-10,"3,079.0"
2022-05-11,"3,080.0"
2022-05-12,"3,050.0"
2022-05-13,"3,102.0"
2022-05-16,"3,100.0"
2022-05-17,"3,085.0"
2022-05-18,"2,892.0"
2022-05-19,"2,800.0"
2022-05-20,"2,839.0"
2022-05-23,"2,890.0"
2022-05-24,"2,877.0"
2022-05-25,"2,915.0"
2022-05-26,"2,950.0"
2022-05-27,"2,999.0"
2022-05-31,"3,120.0"
2022-06-01,"3,298.0"
2022-06-02,"3,252.0"
2022-06-03,"3,300.0"
2022-06-06,"3,269.0"
2022-06-07,"3,290.0"
2022-06-08,"3,250.0"
2022-06-09,"3,175.0"
2022-06-10,"3,150.0"
2022-06-13,"3,000.0"
2022-06-14,"2,970.0"
2022-06-15,"2,869.0"
2022-06-16,"2,815.0"
2022-06-17,"2,760.0"
2022-06-21,"2,431.0"
2022-06-22,"2,321.0"
2022-06-23,"2,005.0"
2022-06-24,"2,139.0"
2022-06-28,"2,379.0"
2022-06-29,"2,273.0"
2022-06-30,"2,253.0"
2022-07-01,"2,350.0"
2022-07-05,"2,173.0"
2022-07-06,"2,152.0"
2022-07-07,"2,280.0"
2022-07-08,"2,300.0"
2022-07-11,"2,290.0"
2022-07-12,"2,296.0"
2022-07-13,"2,267.0"
2022-07-14,"2,130.0"
2022-07-15,"2,098.0"
2022-07-18,"2,125.0"
2022-07-19,"2,200.0"
2022-07-21,"2,131.0"
2022-07-22,"2,060.0"
2022-07-25,"2,177.0"
2022-07-26,"2,200.0"
2022-07-27,"2,280.0"
2022-07-28,"2,273.0"
2022-07-29,"2,280.0"
2022-08-01,"2,250.0"
2022-08-02,"2,300.0"
2022-08-03,"2,295.0"
2022-08-04,"2,203.0"
2022-08-05,"2,250.0"
2022-08-08,"2,315.0"
2022-08-09,"2,335.0"
2022-08-10,"2,320.0"
2022-08-11,"2,340.0"
2022-08-12,"2,348.0"
2022-08-16,"2,251.0"
2022-08-17,"2,270.0"
2022-08-18,"2,323.0"
2022-08-19,"2,267.0"
2022-08-22,"2,298.0"
2022-08-23,"2,410.0"
2022-08-24,"2,460.0"
2022-08-25,"2,460.0"
2022-08-26,"2,418.0"
2022-08-29,"2,472.0"
2022-08-30,"2,384.0"
2022-08-31,"2,257.0"
2022-09-01,"2,210.0"
2022-09-02,"2,298.0"
2022-09-05,"2,334.0"
2022-09-06,"2,336.0"
2022-09-07,"2,273.0"
2022-09-08,"2,273.0"
2022-09-09,"2,332.0"
2022-09-12,"2,398.0"
2022-09-13,"2,389.0"
2022-09-14,"2,399.0"
2022-09-15,"2,305.0"
2022-09-16,"2,300.0"
2022-09-19,"2,280.0"
2022-09-20,"2,221.0"
2022-09-21,"2,180.0"
2022-09-22,"2,209.0"
2022-09-23,"2,034.0"
2022-09-26,"1,970.0"
2022-09-27,"2,019.0"
2022-09-28,"2,061.0"
2022-09-29,"2,080.0"
2022-09-30,"2,074.0"
2022-10-03,"2,180.0"
2022-10-04,"2,297.0"
2022-10-05,"2,325.0"
2022-10-06,"2,372.0"
2022-10-07,"2,340.0"
2022-10-10,"2,258.0"
2022-10-11,"2,179.0"
2022-10-12,"2,163.0"
2022-10-13,"2,210.0"
2022-10-14,"2,160.0"
2022-10-18,"2,250.0"
2022-10-19,"2,314.0"
2022-10-20,"2,285.0"
2022-10-21,"2,353.0"
2022-10-24,"2,300.0"
2022-10-25,"2,295.0"
2022-10-26,"2,297.0"
2022-10-27,"2,320.0"
2022-10-28,"2,410.0"
2022-10-31,"2,450.0"
2022-11-01,"2,555.0"
2022-11-02,"2,489.0"
2022-11-03,"2,450.0"
2022-11-04,"2,540.0"
2022-11-08,"2,550.0"
2022-11-09,"2,401.0"
2022-11-10,"2,599.0"
2022-11-11,"2,385.0"
2022-11-15,"2,509.0"
2022-11-16,"2,410.0"
2022-11-17,"2,500.0"
2022-11-18,"2,469.0"
2022-11-21,"2,382.0"
2022-11-22,"2,502.0"
2022-11-23,"2,484.0"
2022-11-24,"2,450.0"
2022-11-25,"2,457.0"
2022-11-28,"2,401.0"
2022-11-29,"2,475.0"
2022-11-30,"2,290.0"
2022-12-01,"2,300.0"
2022-12-02,"2,297.0"
2022-12-05,"2,239.0"
2022-12-06,"2,250.0"
2022-12-07,"2,240.0"
2022-12-09,"2,195.0"
2022-12-12,"2,214.0"
2022-12-13,"2,240.0"
2022-12-14,"2,197.0"
2022-12-15,"2,183.0"
2022-12-16,"2,133.0"
2022-12-19,"2,180.0"
2022-12-20,"2,230.0"
2022-12-21,"2,280.0"
2022-12-22,"2,247.0"
2022-12-23,"2,300.0"
2022-12-26,"2,321.0"
2022-12-27,"2,400.0"
2022-12-28,"2,379.0"
2022-12-29,"2,420.0"
2023-01-02,"2,479.0"
2023-01-03,"2,380.0"
2023-01-04,"2,415.0"
2023-01-05,"2,510.0"
2023-01-06,"2,646.0"
2023-01-10,"2,685.0"
2023-01-11,"2,667.0"
2023-01-12,"2,694.0"
2023-01-13,"2,714.0"
2023-01-16,"2,700.0"
2023-01-17,"2,716.0"
2023-01-18,"2,803.0"
2023-01-19,"2,766.0"
2023-01-20,"2,749.0"
2023-01-23,"2,737.0"
2023-01-24,"2,670.0"
2023-01-25,"2,664.0"
2023-01-26,"2,693.0"
2023-01-27,"2,607.0"
2023-01-30,"2,590.0"
2023-01-31,"2,669.0"
2023-02-01,"2,573.0"
2023-02-02,"2,525.0"
2023-02-03,"2,537.0"
2023-02-06,"2,577.0"
2023-02-07,"2,610.0"
2023-02-08,"2,582.0"
2023-02-09,"2,500.0"
2023-02-10,"2,629.0"
2023-02-13,"2,600.0"
2023-02-14,"2,580.0"
2023-02-15,"2,595.0"
2023-02-16,"2,620.0"
2023-02-17,"2,536.0"
2023-02-20,"2,551.0"
2023-02-21,"2,588.0"
2023-02-22,"2,532.0"
2023-02-23,"2,581.0"
2023-02-24,"2,620.0"
2023-02-27,"2,685.0"
2023-02-28,"2,698.0"
2023-03-01,"2,715.0"
2023-03-02,"2,685.0"
2023-03-03,"2,725.0"
2023-03-06,"2,740.0"
2023-03-07,"2,685.0"
2023-03-08,"2,682.0"
2023-03-09,"2,632.0"
2023-03-10,"2,550.0"
2023-03-13,"2,462.0"
2023-03-14,"2,482.0"
2023-03-15,"2,397.0"
2023-03-16,"2,370.0"
2023-03-17,"2,400.0"
2023-03-21,"2,456.0"
2023-03-22,"2,408.0"
2023-03-23,"2,292.0"
2023-03-24,"2,297.0"
2023-03-27,"2,339.0"
2023-03-28,"2,388.0"
2023-03-29,"2,382.0"
2023-03-30,"2,421.0"
2023-03-31,"2,450.0"
2023-04-03,"2,552.0"
2023-04-04,"2,516.0"
2023-04-05,"2,540.0"
2023-04-10,"2,519.0"
2023-04-11,"2,580.0"
2023-04-12,"2,580.0"
2023-04-13,"2,563.0"
2023-04-14,"2,560.0"
2023-04-17,"2,556.0"
2023-04-18,"2,552.0"
2023-04-19,"2,545.0"
2023-04-20,"2,520.0"
2023-04-21,"2,320.0"
2023-04-24,"2,385.0"
2023-04-25,"2,235.0"
2023-04-26,"2,197.0"
2023-04-27,"2,188.0"
2023-04-28,"2,288.0"
2023-05-02,"2,073.0"
2023-05-03,"2,045.0"
2023-05-04,"1,990.0"
2023-05-05,"2,081.0"
2023-05-08,"2,060.0"
2023-05-09,"2,087.0"
2023-05-10,"2,079.0"
2023-05-11,"2,090.0"
2023-05-12,"2,125.0"
2023-05-15,"2,089.0"
2023-05-16,"2,064.0"
2023-05-17,"2,104.0"
2023-05-18,"2,113.0"
2023-05-19,"2,135.0"
2023-05-23,"2,121.0"
2023-05-24,"2,115.0"
2023-05-25,"2,086.0"
2023-05-26,"2,065.0"
2023-05-29,"2,060.0"
2023-05-30,"2,016.0"
2023-05-31,"2,036.0"
2023-06-01,"2,064.0"
2023-06-02,"2,116.0"
2023-06-05,"2,090.0"
2023-06-06,"2,143.0"
2023-06-07,"2,170.0"
2023-06-08,"2,171.0"
2023-06-09,"2,172.0"
2023-06-13,"2,134.0"
2023-06-14,"2,143.0"
2023-06-15,"2,153.0"
2023-06-16,"2,200.0"
2023-06-20,"2,134.0"
2023-06-21,"2,185.0"
2023-06-22,"2,148.0"
2023-06-23,"2,140.0"
2023-06-26,"2,185.0"
2023-06-27,"2,140.0"
2023-06-28,"2,150.0"
2023-06-29,"2,153.0"
2023-06-30,"2,140.0"
2023-07-04,"2,137.0"
2023-07-05,"2,137.0"
2023-07-06,"2,130.0"
2023-07-07,"2,160.0"
2023-07-10,"2,157.0"
2023-07-11,"2,214.0"
2023-07-12,"2,236.0"
2023-07-13,"2,236.0"
2023-07-14,"2,167.0"
2023-07-17,"2,166.0"
2023-07-18,"2,186.0"
2023-07-19,"2,181.0"
2023-07-21,"2,192.0"
2023-07-24,"2,219.0"
2023-07-25,"2,243.0"
2023-07-26,"2,224.0"
2023-07-27,"2,199.0"
2023-07-28,"2,206.0"
2023-07-31,"2,292.0"
2023-08-01,"2,290.0"
2023-08-02,"2,270.0"
2023-08-03,"2,330.0"
2023-08-04,"2,295.0"
2023-08-08,"2,365.0"
2023-08-09,"2,284.0"
2023-08-10,"2,270.0"
2023-08-11,"2,300.0"
2023-08-14,"2,275.0"
2023-08-15,"2,265.0"
2023-08-16,"2,307.0"
2023-08-17,"2,297.0"
2023-08-18,"2,330.0"
2023-08-22,"2,324.0"
2023-08-23,"2,310.0"
2023-08-24,"2,304.0"
2023-08-25,"2,310.0"
2023-08-28,"2,345.0"
2023-08-29,"2,390.0"
2023-08-30,"2,440.0"
2023-08-31,"2,357.0"
2023-09-01,"2,385.0"
2023-09-04,"2,370.0"
2023-09-05,"2,416.0"
2023-09-06,"2,421.0"
2023-09-07,"2,385.0"
2023-09-08,"2,429.0"
2023-09-11,"2,396.0"
2023-09-12,"2,453.0"
2023-09-13,"2,409.0"
2023-09-14,"2,456.0"
2023-09-15,"2,411.0"
2023-09-18,"2,442.0"
2023-09-19,"2,489.0"
2023-09-20,"2,513.0"
2023-09-21,"2,468.0"
2023-09-22,"2,330.0"
2023-09-25,"2,364.0"
2023-09-26,"2,307.0"
2023-09-27,"2,350.0"
2023-09-28,"2,333.0"
2023-09-29,"2,365.0"
2023-10-02,"2,322.0"
2023-10-03,"2,375.0"
2023-10-04,"2,312.0"
2023-10-05,"2,321.0"
2023-10-06,"2,359.0"
2023-10-09,"2,480.0"
2023-10-10,"2,483.0"
2023-10-11,"2,507.0"
2023-10-12,"2,540.0"
2023-10-13,"2,585.0"
2023-10-17,"2,606.0"
2023-10-18,"2,645.0"
2023-10-19,"2,619.0"
2023-10-20,"2,575.0"
2023-10-23,"2,525.0"
2023-10-24,"2,520.0"
2023-10-25,"2,542.0"
2023-10-26,"2,475.0"
2023-10-27,"2,470.0"
2023-10-30,"2,395.0"
2023-10-31,"2,423.0"
2023-11-01,"2,480.0"
2023-11-02,"2,480.0"
2023-11-03,"2,460.0"
2023-11-07,"2,340.0"
2023-11-08,"2,335.0"
2023-11-09,"2,350.0"
2023-11-10,"2,350.0"
2023-11-14,"2,370.0"
2023-11-15,"2,395.0"
2023-11-16,"2,395.0"
2023-11-17,"2,480.0"
2023-11-20,"2,500.0"
2023-11-21,"2,545.0"
2023-11-22,"2,515.0"
2023-11-23,"2,500.0"
2023-11-24,"2,575.0"
2023-11-27,"2,520.0"
2023-11-28,"2,540.0"
2023-11-29,"2,535.0"
2023-11-30,"2,520.0"
2023-12-01,"2,545.0"
2023-12-04,"2,545.0"
2023-12-05,"2,515.0"
2023-12-06,"2,455.0"
2023-12-07,"2,465.0"
2023-12-11,"2,510.0"
2023-12-12,"2,460.0"
2023-12-13,"2,500.0"
2023-12-14,"2,555.0"
2023-12-15,"2,365.0"
2023-12-18,"2,340.0"
2023-12-19,"2,370.0"
2023-12-20,"2,335.0"
2023-12-21,"2,355.0"
2023-12-22,"2,350.0"
2023-12-26,"2,360.0"
2023-12-27,"2,320.0"
2023-12-28,"2,340.0"
2024-01-02,"2,355.0"
2024-01-03,"2,420.0"
2024-01-04,"2,405.0"
2024-01-05,"2,445.0"
2024-01-09,"2,395.0"
2024-01-10,"2,345.0"
2024-01-11,"2,355.0"
2024-01-12,"2,375.0"
2024-01-15,"2,375.0"
2024-01-16,"2,335.0"
2024-01-17,"2,315.0"
2024-01-18,"2,300.0"
2024-01-19,"2,280.0"
2024-01-22,"2,265.0"
2024-01-23,"2,295.0"
2024-01-24,"2,290.0"
2024-01-25,"2,355.0"
2024-01-26,"2,400.0"
2024-01-29,"2,395.0"
2024-01-30,"2,390.0"
2024-01-31,"2,335.0"
2024-02-01,"2,345.0"
2024-02-02,"2,320.0"
2024-02-05,"2,320.0"
2024-02-06,"2,355.0"
2024-02-07,"2,365.0"
2024-02-08,"2,340.0"
2024-02-09,"2,315.0"
2024-02-12,"2,310.0"
2024-02-13,"2,275.0"
2024-02-14,"2,275.0"
2024-02-15,"2,295.0"
2024-02-16,"2,305.0"
2024-02-19,"2,270.0"
2024-02-20,"2,280.0"
2024-02-21,"2,330.0"
2024-02-22,"2,340.0"
2024-02-23,"2,330.0"
2024-02-26,"2,345.0"
2024-02-27,"2,360.0"
2024-02-28,"2,300.0"
2024-02-29,"2,290.0"
2024-03-01,"2,240.0"
2024-03-04,"2,120.0"
2024-03-05,"2,095.0"
2024-03-06,"2,085.0"
2024-03-07,"2,090.0"
2024-03-08,"2,055.0"
2024-03-11,"2,060.0"
2024-03-12,"2,075.0"
2024-03-13,"2,080.0"
2024-03-14,"2,120.0"
2024-03-15,"2,210.0"
2024-03-18,"2,100.0"
2024-03-19,"2,120.0"
2024-03-20,"2,125.0"
2024-03-21,"2,125.0"
2024-03-22,"2,115.0"
2024-03-26,"1,995.0"
2024-03-27,"2,075.0"
2024-04-01,"2,190.0"
2024-04-02,"2,245.0"
2024-04-03,"2,290.0"
2024-04-04,"2,320.0"
2024-04-05,"2,290.0"
2024-04-08,"2,255.0"
2024-04-09,"2,280.0"
2024-04-10,"2,245.0"
2024-04-11,"2,260.0"
2024-04-12,"2,240.0"
2024-04-15,"2,240.0"
2024-04-16,"2,240.0"
2024-04-17,"2,230.0"
2024-04-18,"2,225.0"
2024-04-19,"2,240.0"
2024-04-22,"2,260.0"
2024-04-23,"2,275.0"
2024-04-24,"2,300.0"
2024-04-25,"2,305.0"
2024-04-26,"2,300.0"
2024-04-29,"2,310.0"
2024-04-30,"2,280.0"
2024-05-02,"2,255.0"
2024-05-03,"2,260.0"
2024-05-06,"2,250.0"
2024-05-07,"2,270.0"
2024-05-08,"2,280.0"
2024-05-09,"2,280.0"
2024-05-10,"2,265.0"
2024-05-14,"2,320.0"
2024-05-15,"2,285.0"
2024-05-16,"2,300.0"
2024-05-17,"2,320.0"
2024-05-20,"2,340.0"
2024-05-21,"2,340.0"
2024-05-22,"2,270.0"
2024-05-23,"2,295.0"
2024-05-24,"2,305.0"
2024-05-27,"2,300.0"
2024-05-28,"2,380.0"
2024-05-29,"2,375.0"
2024-05-30,"2,350.0"
2024-05-31,"2,360.0"
2024-06-04,"2,370.0"
2024-06-05,"2,350.0"
2024-06-06,"2,365.0"
2024-06-07,"2,360.0"
2024-06-11,"2,360.0"
2024-06-12,"2,385.0"
2024-06-13,"2,405.0"
2024-06-14,"2,400.0"
2024-06-17,"2,430.0"
2024-06-18,"2,445.0"
2024-06-19,"2,430.0"
2024-06-20,"2,330.0"
2024-06-21,"2,295.0"
2024-06-24,"2,400.0"
2024-06-25,"2,300.0"
2024-06-26,"2,315.0"
2024-06-27,"2,325.0"
2024-06-28,"2,320.0"
2024-07-02,"2,295.0"
2024-07-03,"2,290.0"
2024-07-04,"2,280.0"
2024-07-05,"2,295.0"
2024-07-08,"2,260.0"
2024-07-09,"2,240.0"
2024-07-10,"2,210.0"
2024-07-11,"2,240.0"
2024-07-12,"2,190.0"
2024-07-15,"2,220.0"
2024-07-16,"2,180.0"
2024-07-17,"2,185.0"
2024-07-18,"2,180.0"
2024-07-19,"2,180.0"
2024-07-22,"2,165.0"
2024-07-23,"2,120.0"
2024-07-24,"2,135.0"
2024-07-25,"2,140.0"
2024-07-26,"2,145.0"
2024-07-29,"2,130.0"
2024-07-30,"2,130.0"
2024-07-31,"2,175.0"
2024-08-01,"2,120.0"
2024-08-02,"2,060.0"
2024-08-05,"2,040.0"
2024-08-06,"2,060.0"
2024-08-08,"2,085.0"
2024-08-09,"2,135.0"
2024-08-12,"2,155.0"
2024-08-13,"2,110.0"
2024-08-14,"2,040.0"
2024-08-15,"2,085.0"
2024-08-16,"2,085.0"
2024-08-20,"2,035.0"
2024-08-21,"2,040.0"
2024-08-22,"2,035.0"
2024-08-23,"2,055.0"
2024-08-26,"2,075.0"
2024-08-27,"2,060.0"
2024-08-28,"2,055.0"
2024-08-29,"2,045.0"
2024-08-30,"2,055.0"
2024-09-02,"2,055.0"
2024-09-03,"1,995.0"
2024-09-04,"1,920.0"
2024-09-05,"1,925.0"
2024-09-06,"1,930.0"
2024-09-09,"1,915.0"
2024-09-10,"1,885.0"
2024-09-11,"1,905.0"
2024-09-12,"1,930.0"
2024-09-13,"1,910.0"
2024-09-16,"1,960.0"
2024-09-17,"1,955.0"
2024-09-18,"1,905.0"
2024-09-19,"1,905.0"
2024-09-20,"1,890.0"
2024-09-23,"1,920.0"
2024-09-24,"1,940.0"
2024-09-25,"1,840.0"
2024-09-26,"1,900.0"
2024-09-27,"1,885.0"
2024-09-30,"1,880.0"
2024-10-01,"1,895.0"
2024-10-02,"1,875.0"
2024-10-03,"1,905.0"
2024-10-04,"1,890.0"
2024-10-07,"1,910.0"
2024-10-08,"1,825.0"
2024-10-09,"1,840.0"
2024-10-10,"1,845.0"
2024-10-11,"1,845.0"
2024-10-15,"1,780.0"
2024-10-16,"1,760.0"
2024-10-17,"1,740.0"
2024-10-18,"1,760.0"
2024-10-21,"1,725.0"
2024-10-22,"1,735.0"
2024-10-23,"1,720.0"
2024-10-24,"1,730.0"
2024-10-25,"1,735.0"
2024-10-28,"1,760.0"
2024-10-29,"1,735.0"
2024-10-30,"1,720.0"
2024-10-31,"1,700.0"
2024-11-01,"1,680.0"
2024-11-05,"1,660.0"
2024-11-06,"1,700.0"
2024-11-07,"1,660.0"
2024-11-08,"1,590.0"
2024-11-12,"1,650.0"
2024-11-13,"1,660.0"
2024-11-14,"1,725.0"
2024-11-15,"1,745.0"
2024-11-18,"1,785.0"
2024-11-19,"1,780.0"
2024-11-20,"1,755.0"
2024-11-21,"1,800.0"
2024-11-22,"1,830.0"
2024-11-25,"1,815.0"
2024-11-26,"1,760.0"
2024-11-27,"1,770.0"
2024-11-28,"1,780.0"
2024-11-29,"1,800.0"
2024-12-02,"1,775.0"
2024-12-03,"1,780.0"
2024-12-04,"1,755.0"
2024-12-05,"1,770.0"
2024-12-06,"1,730.0"
2024-12-09,"1,790.0"
2024-12-10,"1,830.0"
2024-12-11,"1,810.0"
2024-12-12,"1,815.0"
2024-12-13,"1,780.0"
2024-12-16,"1,730.0"
2024-12-17,"1,740.0"
2024-12-18,"1,685.0"
2024-12-19,"1,680.0"
2024-12-20,"1,650.0"
2024-12-23,"1,685.0"
2024-12-24,"1,660.0"
2024-12-26,"1,660.0"
2024-12-27,"1,660.0"
2024-12-30,"1,675.0"
2025-01-02,"1,795.0"
2025-01-03,"1,790.0"
2025-01-07,"1,845.0"
2025-01-08,"1,840.0"
2025-01-09,"1,815.0"
2025-01-10,"1,845.0"
2025-01-13,"1,850.0"
2025-01-14,"1,840.0"
2025-01-15,"1,845.0"
2025-01-16,"1,870.0"
2025-01-17,"1,835.0"
2025-01-20,"1,820.0"
2025-01-21,"1,820.0"
2025-01-22,"1,760.0"
2025-01-23,"1,775.0"
2025-01-24,"1,760.0"
2025-01-27,"1,795.0"
2025-01-28,"1,825.0"
2025-01-29,"1,885.0"
2025-01-30,"2,025.0"
2025-01-31,"1,960.0"
2025-02-03,"2,005.0"
2025-02-04,"2,050.0"
2025-02-05,"1,985.0"
2025-02-06,"2,000.0"
2025-02-07,"2,000.0"
2025-02-10,"2,020.0"
2025-02-11,"2,030.0"
2025-02-12,"1,990.0"
2025-02-13,"2,095.0"
2025-02-14,"2,125.0"
2025-02-17,"2,230.0"
2025-02-18,"2,230.0"
2025-02-19,"2,245.0"
2025-02-20,"2,235.0"
2025-02-21,"2,145.0"
2025-02-24,"2,145.0"
2025-02-25,"2,125.0"
2025-02-26,"2,090.0"
2025-02-27,"2,050.0"
2025-02-28,"2,060.0"
2025-03-03,"1,960.0"
2025-03-04,"1,885.0"
2025-03-05,"1,930.0"
2025-03-06,"2,000.0"
2025-03-07,"2,060.0"
2025-03-10,"2,025.0"
2025-03-11,"1,980.0"
2025-03-12,"2,015.0"
2025-03-13,"2,010.0"
2025-03-14,"2,080.0"
2025-03-17,"2,120.0"
2025-03-18,"2,110.0"
2025-03-19,"2,130.0"
2025-03-20,"2,100.0"
2025-03-21,"2,130.0"
2025-03-25,"2,120.0"
2025-03-26,"2,150.0"
2025-03-27,"2,175.0"
2025-03-28,"2,140.0"
2025-03-31,"2,075.0"
2025-04-01,"2,085.0"
2025-04-02,"2,080.0"
2025-04-03,"2,000.0"
2025-04-04,"1,930.0"
2025-04-07,"1,940.0"
2025-04-08,"1,810.0"
2025-04-09,"1,920.0"
2025-04-10,"1,785.0"
2025-04-11,"1,875.0"
2025-04-14,"1,920.0"
2025-04-15,"1,920.0"
2025-04-16,"1,905.0"
2025-04-21,"1,925.0"
2025-04-22,"1,935.0"
2025-04-23,"1,840.0"
2025-04-24,"1,840.0"
2025-04-25,"1,830.0"
2025-04-28,"1,785.0"
2025-04-29,"1,750.0"
2025-04-30,"1,725.0"
2025-05-02,"1,735.0"
2025-05-05,"1,695.0"
2025-05-06,"1,690.0"
2025-05-07,"1,690.0"
2025-05-08,"1,720.0"
2025-05-09,"1,720.0"
2025-05-12,"1,750.0"
2025-05-13,"1,820.0"
2025-05-14,"1,820.0"
2025-05-15,"1,800.0"
2025-05-16,"1,810.0"
2025-05-19,"1,805.0"
2025-05-20,"1,790.0"
2025-05-21,"1,775.0"
2025-05-22,"1,780.0"
2025-05-23,"1,780.0"
2025-05-26,"1,760.0"
2025-05-27,"1,780.0"
2025-05-28,"1,780.0"
2025-05-29,"1,795.0"
2025-05-30,"1,740.0"
2025-06-03,"1,775.0"
2025-06-04,"1,765.0"
2025-06-05,"1,780.0"
2025-06-06,"1,845.0"
2025-06-09,"1,850.0"
2025-06-10,"1,895.0"
2025-06-11,"1,930.0"
2025-06-12,"1,925.0"
2025-06-13,"1,985.0"
2025-06-16,"1,945.0"
2025-06-17,"1,965.0"
2025-06-18,"1,970.0"
2025-06-19,"1,995.0"
2025-06-20,"2,000.0"
2025-06-24,"1,920.0"
2025-06-25,"1,900.0"
2025-06-26,"1,880.0"
2025-06-27,"1,820.0"
2025-07-01,"1,795.0"
2025-07-02,"1,855.0"
2025-07-03,"1,820.0"
2025-07-04,"1,835.0"
2025-07-07,"1,800.0"
2025-07-08,"1,845.0"
2025-07-09,"1,805.0"
2025-07-10,"1,810.0"
2025-07-11,"1,820.0"
2025-07-14,"1,795.0"
2025-07-15,"1,795.0"
2025-07-16,"1,795.0"
2025-07-17,"1,790.0"
2025-07-18,"1,775.0"
2025-07-21,"1,795.0"
2025-07-22,"1,780.0"
2025-07-23,"1,800.0"
2025-07-24,"1,755.0"
2025-07-25,"1,765.0"
2025-07-28,"1,795.0"
2025-07-29,"1,805.0"
2025-07-30,"1,775.0"
2025-07-31,"1,755.0"
2025-08-01,"1,720.0"
2025-08-04,"1,715.0"
2025-08-05,"1,735.0"
2025-08-06,"1,750.0"
2025-08-08,"1,740.0"
2025-08-11,"1,725.0"
2025-08-12,"1,725.0"
2025-08-13,"1,755.0"
2025-08-14,"1,770.0"
2025-08-15,"1,800.0"
2025-08-19,"1,805.0"
2025-08-20,"1,805.0"
2025-08-21,"1,805.0"
2025-08-22,"1,850.0"
2025-08-25,"1,850.0"
2025-08-26,"1,840.0"
2025-08-27,"1,850.0"
2025-08-28,"1,880.0"
2025-08-29,"1,890.0"
2025-09-01,"1,885.0"
2025-09-02,"1,865.0"
2025-09-03,"1,805.0"
2025-09-04,"1,815.0"
2025-09-05,"1,800.0"
2025-09-08,"1,810.0"
2025-09-09,"1,820.0"
2025-09-10,"1,845.0"
2025-09-11,"1,810.0"
2025-09-12,"1,790.0"
2025-09-15,"1,810.0"
2025-09-16,"1,815.0"
2025-09-17,"1,805.0"
2025-09-18,"1,760.0"
2025-09-19,"1,730.0"
2025-09-22,"1,740.0"
2025-09-23,"1,815.0"
2025-09-24,"1,865.0"
2025-09-25,"1,860.0"
2025-09-26,"1,845.0"
2025-09-29,"1,800.0"
2025-09-30,"1,790.0"
2025-10-01,"1,785.0"
2025-10-02,"1,760.0"
2025-10-03,"1,775.0"
2025-10-06,"1,790.0"
2025-10-07,"1,760.0"
2025-10-08,"1,760.0"
2025-10-09,"1,755.0"
2025-10-10,"1,730.0"
2025-10-14,"1,725.0"
2025-10-15,"1,740.0"
2025-10-16,"1,725.0"
2025-10-17,"1,740.0"
2025-10-20,"1,710.0"
2025-10-21,"1,685.0"
2025-10-22,"1,720.0"
2025-10-23,"1,775.0"
2025-10-24,"1,770.0"
2025-10-27,"1,780.0"
2025-10-28,"1,805.0"
2025-10-29,"1,810.0"
2025-10-30,"1,800.0"
2025-10-31,"1,780.0"
2025-11-04,"1,800.0"
2025-11-05,"1,830.0"
2025-11-06,"1,830.0"
2025-11-07,"1,865.0"
2025-11-10,"1,860.0"
2025-11-11,"1,890.0"
2025-11-12,"1,880.0"
2025-11-13,"1,870.0"
2025-11-14,"1,950.0"
2025-11-18,"1,980.0"
2025-11-19,"1,945.0"
2025-11-20,"1,900.0"
2025-11-21,"1,860.0"
2025-11-24,"1,815.0"
2025-11-25,"1,845.0"
2025-11-26,"1,845.0"
2025-11-27,"1,865.0"
2025-11-28,"1,880.0"
2025-12-01,"1,895.0"
2025-12-02,"1,890.0"
2025-12-03,"1,910.0"
2025-12-04,"1,905.0"
2025-12-05,"1,905.0"
2025-12-09,"1,935.0"
2025-12-10,"1,895.0"
2025-12-11,"1,865.0"
2025-12-12,"1,865.0"
2025-12-15,"1,845.0"
2025-12-16,"1,800.0"
2025-12-17,"1,815.0"
2025-12-18,"1,785.0"
2025-12-19,"1,765.0"
2025-12-22,"1,770.0"
2025-12-23,"1,800.0"
2025-12-24,"1,800.0"
2025-12-26,"1,800.0"
2025-12-29,"1,845.0"
2025-12-30,"1,870.0"
2026-01-02,"1,920.0"
2026-01-05,"2,020.0"
2026-01-06,"2,020.0"
2026-01-07,"1,965.0"
2026-01-08,"1,995.0"
2026-01-09,"2,010.0"
2026-01-13,"2,065.0"
2026-01-14,"2,125.0"
2026-01-15,"2,165.0"
2026-01-16,"2,265.0"
2026-01-19,"2,270.0"
2026-01-20,"2,315.0"
2026-01-21,"2,345.0"
2026-01-22,"2,200.0"
2026-01-23,"2,275.0"
2026-01-26,"2,350.0"
2026-01-27,"2,355.0"
2026-01-28,"2,340.0"
2026-01-29,"2,320.0"
2026-01-30,"2,300.0"
2026-02-02,"2,235.0"
2026-02-03,"2,260.0"
2026-02-04,"2,225.0"
2026-02-05,"2,170.0"
2026-02-06,"2,240.0"
2026-02-09,"2,250.0"
2026-02-10,"2,215.0"
2026-02-11,"2,230.0"
2026-02-12,"2,185.0"
2026-02-13,"2,190.0"
